method,sim_seed,N_sim,total_wait,mean_wait_all,mean_wait_served,mean_oracle_outcome_served,num_unserved,frac_unserved,sim_wall_s,alloc_0,alloc_1,N,ipw_value
random,0,1000,155757.95225978474,155.75795225978473,143.43631555969924,,31,0.031,0.0049817562103271484,0.509,0.491,100,12.197121356427091
treat_all,0,1000,673135.3494917059,673.1353494917059,539.087562761301,,540,0.54,0.0023987293243408203,0.0,1.0,100,2.1439523396007845
F,0,1000,117.68017078003976,0.11768017078003976,0.11768017078003976,,0,0.0,0.002604961395263672,0.913,0.087,100,21.381223038371278
S2-linear,0,1000,7471.523974907543,7.471523974907543,7.471523974907543,,0,0.0,0.002560853958129883,0.701,0.299,100,12.431010138352692
S2-lasso,0,1000,192.5529430391718,0.19255294303917178,0.19255294303917178,,0,0.0,0.0025854110717773438,0.935,0.065,100,21.60882386602861
S2-knn,0,1000,2046.8750780623413,2.0468750780623415,2.0468750780623415,,0,0.0,0.017583370208740234,0.996,0.004,100,21.583185949062536
random,1,1000,175568.02269690303,175.56802269690303,155.98393093991658,,51,0.051,0.0047931671142578125,0.49,0.51,100,12.197121356427091
treat_all,1,1000,652576.2500789016,652.5762500789017,528.029542241522,,541,0.541,0.002250194549560547,0.0,1.0,100,2.1439523396007845
F,1,1000,14389.61154788898,14.38961154788898,14.38961154788898,,0,0.0,0.002315044403076172,0.913,0.087,100,21.381223038371278
S2-linear,1,1000,6527.846824593119,6.527846824593119,6.527846824593119,,0,0.0,0.0024487972259521484,0.696,0.304,100,12.431010138352692
S2-lasso,1,1000,19678.300401021672,19.678300401021673,19.678300401021673,,0,0.0,0.0023238658905029297,0.923,0.077,100,21.60882386602861
S2-knn,1,1000,55258.13162731033,55.25813162731033,55.25813162731033,,0,0.0,0.018335819244384766,0.992,0.008,100,21.583185949062536
random,2,1000,156071.3360240014,156.0713360240014,145.3442747483556,,26,0.026,0.0047893524169921875,0.503,0.497,100,12.197121356427091
treat_all,2,1000,674199.883425932,674.1998834259321,555.2555265858045,,529,0.529,0.0022885799407958984,0.0,1.0,100,2.1439523396007845
F,2,1000,12.835918204897785,0.012835918204897784,0.012835918204897784,,0,0.0,0.0025322437286376953,0.901,0.099,100,21.381223038371278
S2-linear,2,1000,1136.3588047004114,1.1363588047004114,1.1363588047004114,,0,0.0,0.0025594234466552734,0.719,0.281,100,12.431010138352692
S2-lasso,2,1000,8.475006787530116,0.008475006787530116,0.008475006787530116,,0,0.0,0.018608570098876953,0.929,0.071,100,21.60882386602861
S2-knn,2,1000,790.6083305205957,0.7906083305205956,0.7906083305205956,,0,0.0,0.004662275314331055,0.993,0.007,100,21.583185949062536
random,3,1000,199224.8263149948,199.2248263149948,170.45900660320055,,70,0.07,0.00382232666015625,0.491,0.509,100,12.197121356427091
treat_all,3,1000,706124.1851311645,706.1241851311645,565.2843797228707,,561,0.561,0.002376079559326172,0.0,1.0,100,2.1439523396007845
F,3,1000,264.47357764770555,0.26447357764770557,0.26447357764770557,,0,0.0,0.002533435821533203,0.903,0.097,100,21.381223038371278
S2-linear,3,1000,4626.791436158393,4.626791436158393,4.626791436158393,,0,0.0,0.002509593963623047,0.712,0.288,100,12.431010138352692
S2-lasso,3,1000,800.8577795949309,0.8008577795949309,0.8008577795949309,,0,0.0,0.0025556087493896484,0.907,0.093,100,21.60882386602861
S2-knn,3,1000,12097.323252863298,12.097323252863298,12.097323252863298,,0,0.0,0.0023775100708007812,0.991,0.009,100,21.583185949062536
random,4,1000,140511.1536472406,140.5111536472406,124.80569804045048,,40,0.04,0.0038034915924072266,0.504,0.496,100,12.197121356427091
treat_all,4,1000,634025.2931005989,634.0252931005989,481.8191380760083,,544,0.544,0.002213001251220703,0.0,1.0,100,2.1439523396007845
F,4,1000,51.925095507479405,0.0519250955074794,0.0519250955074794,,0,0.0,0.002499818801879883,0.908,0.092,100,21.381223038371278
S2-linear,4,1000,2.719076735427305,0.002719076735427305,0.002719076735427305,,0,0.0,0.0025572776794433594,0.718,0.282,100,12.431010138352692
S2-lasso,4,1000,135.74827365699934,0.13574827365699935,0.13574827365699935,,0,0.0,0.002555370330810547,0.913,0.087,100,21.60882386602861
S2-knn,4,1000,24406.419250260926,24.406419250260925,24.406419250260925,,0,0.0,0.0024154186248779297,0.994,0.006,100,21.583185949062536
random,5,1000,202286.15441116097,202.28615441116096,155.0731153275392,,109,0.109,0.0038537979125976562,0.473,0.527,100,12.197121356427091
treat_all,5,1000,659237.0559170617,659.2370559170618,515.0684284736575,,582,0.582,0.002310514450073242,0.0,1.0,100,2.1439523396007845
F,5,1000,0.14666228099810663,0.00014666228099810663,0.00014666228099810663,,0,0.0,0.002542734146118164,0.904,0.096,100,21.381223038371278
S2-linear,5,1000,4294.222789659165,4.294222789659165,4.294222789659165,,0,0.0,0.002460479736328125,0.723,0.277,100,12.431010138352692
S2-lasso,5,1000,0.14666228099810663,0.00014666228099810663,0.00014666228099810663,,0,0.0,0.0024781227111816406,0.921,0.079,100,21.60882386602861
S2-knn,5,1000,8857.890626598652,8.857890626598651,8.857890626598651,,0,0.0,0.0023736953735351562,0.998,0.002,100,21.583185949062536
random,6,1000,183611.15162593333,183.61115162593333,145.1813996566078,,89,0.089,0.003726959228515625,0.501,0.499,100,12.197121356427091
treat_all,6,1000,681125.5773449021,681.1255773449021,535.2418286906575,,590,0.59,0.0022401809692382812,0.0,1.0,100,2.1439523396007845
F,6,1000,17784.770133393296,17.784770133393298,17.784770133393298,,0,0.0,0.0024220943450927734,0.906,0.094,100,21.381223038371278
S2-linear,6,1000,20074.159001834716,20.074159001834715,20.074159001834715,,0,0.0,0.0024843215942382812,0.684,0.316,100,12.431010138352692
S2-lasso,6,1000,22818.407190991944,22.818407190991945,22.818407190991945,,0,0.0,0.002382993698120117,0.933,0.067,100,21.60882386602861
S2-knn,6,1000,52048.48758944278,52.048487589442786,52.048487589442786,,0,0.0,0.002350330352783203,0.991,0.009,100,21.583185949062536
random,7,1000,108691.41634121718,108.69141634121718,103.68051186302579,,12,0.012,0.003885030746459961,0.504,0.496,100,12.197121356427091
treat_all,7,1000,605705.8398794618,605.7058398794618,447.9897775576923,,516,0.516,0.0023114681243896484,0.0,1.0,100,2.1439523396007845
F,7,1000,7.106420869414158,0.007106420869414158,0.007106420869414158,,0,0.0,0.0025849342346191406,0.901,0.099,100,21.381223038371278
S2-linear,7,1000,2.9467642213277863,0.002946764221327786,0.002946764221327786,,0,0.0,0.0025839805603027344,0.687,0.313,100,12.431010138352692
S2-lasso,7,1000,16.41728848639631,0.01641728848639631,0.01641728848639631,,0,0.0,0.0025734901428222656,0.928,0.072,100,21.60882386602861
S2-knn,7,1000,45.855030148835226,0.04585503014883523,0.04585503014883523,,0,0.0,0.0025882720947265625,0.992,0.008,100,21.583185949062536
random,8,1000,125570.38562932872,125.57038562932873,120.07364993705175,,14,0.014,0.003864765167236328,0.532,0.468,100,12.197121356427091
treat_all,8,1000,660508.6603665653,660.5086603665653,529.7907102520498,,546,0.546,0.002310037612915039,0.0,1.0,100,2.1439523396007845
F,8,1000,938.8450167135065,0.9388450167135065,0.9388450167135065,,0,0.0,0.0025856494903564453,0.914,0.086,100,21.381223038371278
S2-linear,8,1000,4126.179110369102,4.126179110369102,4.126179110369102,,0,0.0,0.0025844573974609375,0.701,0.299,100,12.431010138352692
S2-lasso,8,1000,2239.861742004495,2.239861742004495,2.239861742004495,,0,0.0,0.0025634765625,0.915,0.085,100,21.60882386602861
S2-knn,8,1000,4575.775622289999,4.575775622289999,4.575775622289999,,0,0.0,0.002507448196411133,0.991,0.009,100,21.583185949062536
random,9,1000,200851.86227751384,200.85186227751385,165.21960286611585,,85,0.085,0.003744840621948242,0.502,0.498,100,12.197121356427091
treat_all,9,1000,708966.9393228278,708.9669393228279,576.2333776528698,,587,0.587,0.002209901809692383,0.0,1.0,100,2.1439523396007845
F,9,1000,3879.760665226205,3.8797606652262053,3.8797606652262053,,0,0.0,0.0024912357330322266,0.91,0.09,100,21.381223038371278
S2-linear,9,1000,8123.316587137261,8.12331658713726,8.12331658713726,,0,0.0,0.0024678707122802734,0.721,0.279,100,12.431010138352692
S2-lasso,9,1000,4712.875724850634,4.712875724850633,4.712875724850633,,0,0.0,0.002431154251098633,0.927,0.073,100,21.60882386602861
S2-knn,9,1000,25809.913304471975,25.809913304471976,25.809913304471976,,0,0.0,0.002306699752807617,0.994,0.006,100,21.583185949062536
random,10,1000,206420.69620177,206.42069620177,165.7609798124251,,90,0.09,0.003745555877685547,0.483,0.517,100,12.197121356427091
treat_all,10,1000,697476.3386858259,697.4763386858259,545.0819527965328,,573,0.573,0.002229452133178711,0.0,1.0,100,2.1439523396007845
F,10,1000,5.06506938113567,0.00506506938113567,0.00506506938113567,,0,0.0,0.0025458335876464844,0.921,0.079,100,21.381223038371278
S2-linear,10,1000,17333.775215800557,17.333775215800557,17.333775215800557,,0,0.0,0.002456188201904297,0.697,0.303,100,12.431010138352692
S2-lasso,10,1000,550.3810671416104,0.5503810671416104,0.5503810671416104,,0,0.0,0.002486705780029297,0.933,0.067,100,21.60882386602861
S2-knn,10,1000,14866.350650557295,14.866350650557296,14.866350650557296,,0,0.0,0.0023458003997802734,0.993,0.007,100,21.583185949062536
random,11,1000,145456.7198686626,145.4567198686626,140.3376311030639,,13,0.013,0.0038084983825683594,0.52,0.48,100,12.197121356427091
treat_all,11,1000,695207.8100719964,695.2078100719964,553.3622306334681,,533,0.533,0.002262115478515625,0.0,1.0,100,2.1439523396007845
F,11,1000,39.03629507543387,0.03903629507543387,0.03903629507543387,,0,0.0,0.0025358200073242188,0.906,0.094,100,21.381223038371278
S2-linear,11,1000,823.6981135261027,0.8236981135261027,0.8236981135261027,,0,0.0,0.0025124549865722656,0.726,0.274,100,12.431010138352692
S2-lasso,11,1000,137.27424166954773,0.13727424166954774,0.13727424166954774,,0,0.0,0.0025119781494140625,0.928,0.072,100,21.60882386602861
S2-knn,11,1000,11497.394142153593,11.497394142153594,11.497394142153594,,0,0.0,0.002410888671875,0.992,0.008,100,21.583185949062536
random,12,1000,154975.90468594158,154.97590468594157,137.5542002340137,,43,0.043,0.003773212432861328,0.505,0.495,100,12.197121356427091
treat_all,12,1000,653128.7702595042,653.1287702595042,520.7840889297278,,548,0.548,0.0022325515747070312,0.0,1.0,100,2.1439523396007845
F,12,1000,320.8046105193066,0.3208046105193066,0.3208046105193066,,0,0.0,0.0025115013122558594,0.908,0.092,100,21.381223038371278
S2-linear,12,1000,380.287421129042,0.380287421129042,0.380287421129042,,0,0.0,0.0025529861450195312,0.704,0.296,100,12.431010138352692
S2-lasso,12,1000,1049.7292159963006,1.0497292159963005,1.0497292159963005,,0,0.0,0.0025060176849365234,0.926,0.074,100,21.60882386602861
S2-knn,12,1000,22089.91639043306,22.08991639043306,22.08991639043306,,0,0.0,0.0023484230041503906,0.99,0.01,100,21.583185949062536
random,13,1000,193011.8423916673,193.0118423916673,154.24967342391977,,90,0.09,0.0038232803344726562,0.477,0.523,100,12.197121356427091
treat_all,13,1000,663743.1805892583,663.7431805892584,509.5163964689887,,567,0.567,0.0022330284118652344,0.0,1.0,100,2.1439523396007845
F,13,1000,68.19977591528132,0.06819977591528133,0.06819977591528133,,0,0.0,0.0025551319122314453,0.911,0.089,100,21.381223038371278
S2-linear,13,1000,136.64397976750777,0.13664397976750778,0.13664397976750778,,0,0.0,0.002509593963623047,0.72,0.28,100,12.431010138352692
S2-lasso,13,1000,78.97281441868681,0.07897281441868681,0.07897281441868681,,0,0.0,0.0025386810302734375,0.92,0.08,100,21.60882386602861
S2-knn,13,1000,8108.32460571522,8.10832460571522,8.10832460571522,,0,0.0,0.0023877620697021484,0.996,0.004,100,21.583185949062536
random,14,1000,181114.9765548236,181.1149765548236,169.27766107203314,,32,0.032,0.0038645267486572266,0.503,0.497,100,12.197121356427091
treat_all,14,1000,701185.0366679451,701.185036667945,582.108690561215,,535,0.535,0.00237274169921875,0.0,1.0,100,2.1439523396007845
F,14,1000,2.851222285764896,0.002851222285764896,0.002851222285764896,,0,0.0,0.0027687549591064453,0.892,0.108,100,21.381223038371278
S2-linear,14,1000,11583.147811028193,11.583147811028192,11.583147811028192,,0,0.0,0.0025510787963867188,0.719,0.281,100,12.431010138352692
S2-lasso,14,1000,120.25426056972778,0.12025426056972778,0.12025426056972778,,0,0.0,0.002583742141723633,0.926,0.074,100,21.60882386602861
S2-knn,14,1000,1030.2230096795627,1.0302230096795626,1.0302230096795626,,0,0.0,0.002531766891479492,0.993,0.007,100,21.583185949062536
random,15,1000,133436.6992383413,133.4366992383413,131.2387821828777,,6,0.006,0.003818511962890625,0.523,0.477,100,12.197121356427091
treat_all,15,1000,640730.5898122464,640.7305898122464,520.252610725721,,529,0.529,0.0022530555725097656,0.0,1.0,100,2.1439523396007845
F,15,1000,0.23303619370716966,0.00023303619370716966,0.00023303619370716966,,0,0.0,0.0025529861450195312,0.904,0.096,100,21.381223038371278
S2-linear,15,1000,248.30796434441714,0.24830796434441715,0.24830796434441715,,0,0.0,0.002575397491455078,0.713,0.287,100,12.431010138352692
S2-lasso,15,1000,31.175625943971955,0.031175625943971955,0.031175625943971955,,0,0.0,0.002565145492553711,0.914,0.086,100,21.60882386602861
S2-knn,15,1000,5016.133842830553,5.016133842830553,5.016133842830553,,0,0.0,0.002507925033569336,0.991,0.009,100,21.583185949062536
random,16,1000,115539.4442652433,115.5394442652433,111.44243524771342,,10,0.01,0.003937959671020508,0.497,0.503,100,12.197121356427091
treat_all,16,1000,627305.3332147074,627.3053332147074,486.5550606990829,,507,0.507,0.0023584365844726562,0.0,1.0,100,2.1439523396007845
F,16,1000,5.865270619086175,0.005865270619086175,0.005865270619086175,,0,0.0,0.002605915069580078,0.902,0.098,100,21.381223038371278
S2-linear,16,1000,0.0,0.0,0.0,,0,0.0,0.0026407241821289062,0.725,0.275,100,12.431010138352692
S2-lasso,16,1000,0.0,0.0,0.0,,0,0.0,0.0026350021362304688,0.925,0.075,100,21.60882386602861
S2-knn,16,1000,0.0,0.0,0.0,,0,0.0,0.0026137828826904297,0.992,0.008,100,21.583185949062536
random,17,1000,138634.67953500705,138.63467953500705,128.82095030397923,,23,0.023,0.0039234161376953125,0.498,0.502,100,12.197121356427091
treat_all,17,1000,654641.6609505829,654.641660950583,513.0342970106116,,521,0.521,0.002363920211791992,0.0,1.0,100,2.1439523396007845
F,17,1000,0.0,0.0,0.0,,0,0.0,0.0026044845581054688,0.893,0.107,100,21.381223038371278
S2-linear,17,1000,577.4580632609634,0.5774580632609634,0.5774580632609634,,0,0.0,0.0026128292083740234,0.713,0.287,100,12.431010138352692
S2-lasso,17,1000,0.0,0.0,0.0,,0,0.0,0.002604246139526367,0.915,0.085,100,21.60882386602861
S2-knn,17,1000,0.0,0.0,0.0,,0,0.0,0.002592802047729492,0.985,0.015,100,21.583185949062536
random,18,1000,150575.6709708243,150.57567097082432,139.69106715996216,,29,0.029,0.0037848949432373047,0.517,0.483,100,12.197121356427091
treat_all,18,1000,643255.0449234799,643.2550449234799,523.5190602198134,,546,0.546,0.0022385120391845703,0.0,1.0,100,2.1439523396007845
F,18,1000,632.5296772907445,0.6325296772907445,0.6325296772907445,,0,0.0,0.0025060176849365234,0.89,0.11,100,21.381223038371278
S2-linear,18,1000,68.92270558786959,0.06892270558786959,0.06892270558786959,,0,0.0,0.002527952194213867,0.721,0.279,100,12.431010138352692
S2-lasso,18,1000,259.67175106584045,0.25967175106584045,0.25967175106584045,,0,0.0,0.0025255680084228516,0.904,0.096,100,21.60882386602861
S2-knn,18,1000,8946.853789946448,8.946853789946449,8.946853789946449,,0,0.0,0.002462148666381836,0.987,0.013,100,21.583185949062536
random,19,1000,164217.35364486478,164.21735364486477,142.10900801998264,,55,0.055,0.0038199424743652344,0.512,0.488,100,12.197121356427091
treat_all,19,1000,662190.1515407747,662.1901515407748,526.5919794500222,,567,0.567,0.002269744873046875,0.0,1.0,100,2.1439523396007845
F,19,1000,5601.199423634332,5.601199423634331,5.601199423634331,,0,0.0,0.002524137496948242,0.906,0.094,100,21.381223038371278
S2-linear,19,1000,5162.254591460217,5.162254591460217,5.162254591460217,,0,0.0,0.0025262832641601562,0.711,0.289,100,12.431010138352692
S2-lasso,19,1000,6550.104111113771,6.550104111113771,6.550104111113771,,0,0.0,0.002506256103515625,0.91,0.09,100,21.60882386602861
S2-knn,19,1000,16959.146945147244,16.959146945147243,16.959146945147243,,0,0.0,0.002400636672973633,0.99,0.01,100,21.583185949062536
random,20,1000,157554.31133060527,157.55431133060526,144.6249275588808,,33,0.033,0.0038475990295410156,0.513,0.487,100,12.197121356427091
treat_all,20,1000,675069.3321700825,675.0693321700825,538.9650010860904,,546,0.546,0.0023767948150634766,0.0,1.0,100,2.1439523396007845
F,20,1000,771.5870141262901,0.7715870141262902,0.7715870141262902,,0,0.0,0.002559185028076172,0.891,0.109,100,21.381223038371278
S2-linear,20,1000,14596.064683112694,14.596064683112694,14.596064683112694,,0,0.0,0.0025272369384765625,0.706,0.294,100,12.431010138352692
S2-lasso,20,1000,9386.889481498558,9.386889481498558,9.386889481498558,,0,0.0,0.0024254322052001953,0.928,0.072,100,21.60882386602861
S2-knn,20,1000,36910.01227891565,36.91001227891565,36.91001227891565,,0,0.0,0.002359151840209961,0.992,0.008,100,21.583185949062536
random,21,1000,168864.3400959032,168.8643400959032,134.63726178815966,,79,0.079,0.003920316696166992,0.511,0.489,100,12.197121356427091
treat_all,21,1000,674803.942607118,674.8039426071181,516.5075588218635,,590,0.59,0.002345561981201172,0.0,1.0,100,2.1439523396007845
F,21,1000,7238.402479896573,7.238402479896573,7.238402479896573,,0,0.0,0.0025396347045898438,0.92,0.08,100,21.381223038371278
S2-linear,21,1000,7472.545065265433,7.472545065265432,7.472545065265432,,0,0.0,0.0025882720947265625,0.694,0.306,100,12.431010138352692
S2-lasso,21,1000,7834.561138244934,7.8345611382449345,7.8345611382449345,,0,0.0,0.0025320053100585938,0.93,0.07,100,21.60882386602861
S2-knn,21,1000,18013.851281605825,18.013851281605824,18.013851281605824,,0,0.0,0.0024988651275634766,0.992,0.008,100,21.583185949062536
random,22,1000,152529.9709040734,152.5299709040734,144.70035157410766,,20,0.02,0.003935575485229492,0.499,0.501,100,12.197121356427091
treat_all,22,1000,659762.420008847,659.762420008847,535.1374698444602,,519,0.519,0.0023298263549804688,0.0,1.0,100,2.1439523396007845
F,22,1000,271.9873579023598,0.2719873579023598,0.2719873579023598,,0,0.0,0.002611398696899414,0.906,0.094,100,21.381223038371278
S2-linear,22,1000,106.69704356259447,0.10669704356259448,0.10669704356259448,,0,0.0,0.0026466846466064453,0.706,0.294,100,12.431010138352692
S2-lasso,22,1000,214.1258094617255,0.21412580946172552,0.21412580946172552,,0,0.0,0.0026121139526367188,0.921,0.079,100,21.60882386602861
S2-knn,22,1000,483.3531625601208,0.4833531625601208,0.4833531625601208,,0,0.0,0.0026171207427978516,0.99,0.01,100,21.583185949062536
random,23,1000,190806.98285930505,190.80698285930504,162.0189928687938,,73,0.073,0.0038406848907470703,0.49,0.51,100,12.197121356427091
treat_all,23,1000,656915.0836398492,656.9150836398492,533.3156163605244,,563,0.563,0.0022978782653808594,0.0,1.0,100,2.1439523396007845
F,23,1000,55.7594954271507,0.0557594954271507,0.0557594954271507,,0,0.0,0.0025300979614257812,0.888,0.112,100,21.381223038371278
S2-linear,23,1000,5503.078901994757,5.503078901994757,5.503078901994757,,0,0.0,0.002507448196411133,0.702,0.298,100,12.431010138352692
S2-lasso,23,1000,115.30117076704175,0.11530117076704176,0.11530117076704176,,0,0.0,0.0025000572204589844,0.921,0.079,100,21.60882386602861
S2-knn,23,1000,13315.782606641027,13.315782606641028,13.315782606641028,,0,0.0,0.0023627281188964844,0.987,0.013,100,21.583185949062536
random,24,1000,130814.27291457176,130.81427291457177,115.07105855025452,,38,0.038,0.0038542747497558594,0.517,0.483,100,12.197121356427091
treat_all,24,1000,636525.8550032843,636.5258550032843,477.13891088568363,,555,0.555,0.002357006072998047,0.0,1.0,100,2.1439523396007845
F,24,1000,5.583080851372892,0.005583080851372892,0.005583080851372892,,0,0.0,0.0025696754455566406,0.908,0.092,100,21.381223038371278
S2-linear,24,1000,2.8525949392295424,0.0028525949392295426,0.0028525949392295426,,0,0.0,0.0026047229766845703,0.714,0.286,100,12.431010138352692
S2-lasso,24,1000,12.57285291511802,0.01257285291511802,0.01257285291511802,,0,0.0,0.002578258514404297,0.94,0.06,100,21.60882386602861
S2-knn,24,1000,812.1109821066295,0.8121109821066296,0.8121109821066296,,0,0.0,0.0025734901428222656,0.996,0.004,100,21.583185949062536
random,25,1000,152507.65953852548,152.50765953852547,137.37855701522835,,37,0.037,0.003987312316894531,0.502,0.498,100,12.197121356427091
treat_all,25,1000,661410.8790656582,661.4108790656582,531.2715320990304,,539,0.539,0.0025043487548828125,0.0,1.0,100,2.1439523396007845
F,25,1000,24.172756035073284,0.024172756035073285,0.024172756035073285,,0,0.0,0.0026514530181884766,0.893,0.107,100,21.381223038371278
S2-linear,25,1000,684.8928051140421,0.684892805114042,0.684892805114042,,0,0.0,0.002620220184326172,0.7,0.3,100,12.431010138352692
S2-lasso,25,1000,27.865351130410527,0.027865351130410526,0.027865351130410526,,0,0.0,0.002609729766845703,0.909,0.091,100,21.60882386602861
S2-knn,25,1000,40.94143411062788,0.04094143411062788,0.04094143411062788,,0,0.0,0.002615213394165039,0.99,0.01,100,21.583185949062536
random,26,1000,165523.67181149215,165.52367181149216,140.6609732378957,,61,0.061,0.003914356231689453,0.502,0.498,100,12.197121356427091
treat_all,26,1000,674949.4290790542,674.9494290790542,531.3433560344413,,563,0.563,0.0023813247680664062,0.0,1.0,100,2.1439523396007845
F,26,1000,24.882843487583678,0.024882843487583677,0.024882843487583677,,0,0.0,0.0025784969329833984,0.893,0.107,100,21.381223038371278
S2-linear,26,1000,3965.558024405457,3.9655580244054573,3.9655580244054573,,0,0.0,0.0025551319122314453,0.698,0.302,100,12.431010138352692
S2-lasso,26,1000,33.38563251939889,0.03338563251939889,0.03338563251939889,,0,0.0,0.002571582794189453,0.913,0.087,100,21.60882386602861
S2-knn,26,1000,143.98857652842617,0.14398857652842617,0.14398857652842617,,0,0.0,0.0025479793548583984,0.99,0.01,100,21.583185949062536
random,27,1000,160033.67777798805,160.03367777798806,143.94971141288735,,43,0.043,0.003793954849243164,0.508,0.492,100,12.197121356427091
treat_all,27,1000,638131.8086145602,638.1318086145602,525.6103169843637,,551,0.551,0.002288341522216797,0.0,1.0,100,2.1439523396007845
F,27,1000,5.174659506328693,0.005174659506328693,0.005174659506328693,,0,0.0,0.002520322799682617,0.914,0.086,100,21.381223038371278
S2-linear,27,1000,9001.16209998086,9.00116209998086,9.00116209998086,,0,0.0,0.0024881362915039062,0.69,0.31,100,12.431010138352692
S2-lasso,27,1000,0.0,0.0,0.0,,0,0.0,0.002488851547241211,0.919,0.081,100,21.60882386602861
S2-knn,27,1000,23219.76759083203,23.21976759083203,23.21976759083203,,0,0.0,0.0023941993713378906,0.989,0.011,100,21.583185949062536
random,28,1000,132999.00963457677,132.99900963457677,118.18605193848802,,35,0.035,0.003869295120239258,0.505,0.495,100,12.197121356427091
treat_all,28,1000,625491.955515659,625.4919555156589,492.17443693359183,,540,0.54,0.0024166107177734375,0.0,1.0,100,2.1439523396007845
F,28,1000,10.881506200162072,0.010881506200162072,0.010881506200162072,,0,0.0,0.002566814422607422,0.89,0.11,100,21.381223038371278
S2-linear,28,1000,238.61047372771495,0.23861047372771493,0.23861047372771493,,0,0.0,0.0025720596313476562,0.696,0.304,100,12.431010138352692
S2-lasso,28,1000,108.9020129397464,0.1089020129397464,0.1089020129397464,,0,0.0,0.002567291259765625,0.926,0.074,100,21.60882386602861
S2-knn,28,1000,1619.9958040441416,1.6199958040441416,1.6199958040441416,,0,0.0,0.002544879913330078,0.988,0.012,100,21.583185949062536
random,29,1000,149924.5959144163,149.9245959144163,137.1728245329919,,32,0.032,0.003909111022949219,0.502,0.498,100,12.197121356427091
treat_all,29,1000,657012.8947596569,657.0128947596569,522.9335388446306,,534,0.534,0.0023255348205566406,0.0,1.0,100,2.1439523396007845
F,29,1000,148.94940948795534,0.14894940948795535,0.14894940948795535,,0,0.0,0.0025224685668945312,0.902,0.098,100,21.381223038371278
S2-linear,29,1000,290.6671754238227,0.2906671754238227,0.2906671754238227,,0,0.0,0.0025167465209960938,0.714,0.286,100,12.431010138352692
S2-lasso,29,1000,127.24293111286721,0.12724293111286722,0.12724293111286722,,0,0.0,0.00251007080078125,0.926,0.074,100,21.60882386602861
S2-knn,29,1000,5063.889332783861,5.063889332783861,5.063889332783861,,0,0.0,0.002370119094848633,0.993,0.007,100,21.583185949062536
random,30,1000,205106.003648475,205.106003648475,166.68272096163813,,92,0.092,0.0038483142852783203,0.463,0.537,100,12.197121356427091
treat_all,30,1000,676222.5346690957,676.2225346690957,535.8888521099898,,555,0.555,0.0023941993713378906,0.0,1.0,100,2.1439523396007845
F,30,1000,0.0,0.0,0.0,,0,0.0,0.0025908946990966797,0.919,0.081,100,21.381223038371278
S2-linear,30,1000,6256.049475815202,6.256049475815201,6.256049475815201,,0,0.0,0.002574443817138672,0.708,0.292,100,12.431010138352692
S2-lasso,30,1000,0.0,0.0,0.0,,0,0.0,0.0026102066040039062,0.932,0.068,100,21.60882386602861
S2-knn,30,1000,0.0,0.0,0.0,,0,0.0,0.002591848373413086,0.99,0.01,100,21.583185949062536
random,31,1000,144789.57783850894,144.78957783850893,144.78957783850893,,0,0.0,0.003927946090698242,0.508,0.492,100,12.197121356427091
treat_all,31,1000,683371.048151608,683.371048151608,564.7310287444255,,505,0.505,0.002382516860961914,0.0,1.0,100,2.1439523396007845
F,31,1000,24.438383093251296,0.024438383093251297,0.024438383093251297,,0,0.0,0.0025959014892578125,0.897,0.103,100,21.381223038371278
S2-linear,31,1000,33.72162978731549,0.033721629787315494,0.033721629787315494,,0,0.0,0.0025992393493652344,0.714,0.286,100,12.431010138352692
S2-lasso,31,1000,70.45628016274148,0.07045628016274148,0.07045628016274148,,0,0.0,0.0025997161865234375,0.932,0.068,100,21.60882386602861
S2-knn,31,1000,208.6291230883481,0.2086291230883481,0.2086291230883481,,0,0.0,0.0025806427001953125,0.989,0.011,100,21.583185949062536
random,32,1000,163960.86713916843,163.96086713916844,138.7609570251231,,61,0.061,0.003858804702758789,0.525,0.475,100,12.197121356427091
treat_all,32,1000,671840.1372173037,671.8401372173038,541.3224202523792,,586,0.586,0.002303600311279297,0.0,1.0,100,2.1439523396007845
F,32,1000,94.81160795506298,0.09481160795506298,0.09481160795506298,,0,0.0,0.0025434494018554688,0.921,0.079,100,21.381223038371278
S2-linear,32,1000,4533.532970225084,4.5335329702250835,4.5335329702250835,,0,0.0,0.002526998519897461,0.71,0.29,100,12.431010138352692
S2-lasso,32,1000,108.91144971562923,0.10891144971562923,0.10891144971562923,,0,0.0,0.002537250518798828,0.924,0.076,100,21.60882386602861
S2-knn,32,1000,2585.176334850822,2.585176334850822,2.585176334850822,,0,0.0,0.0024557113647460938,0.993,0.007,100,21.583185949062536
random,33,1000,177209.83833803388,177.20983833803388,154.0849079333392,,57,0.057,0.0038018226623535156,0.479,0.521,100,12.197121356427091
treat_all,33,1000,660033.4919731212,660.0334919731212,544.7854515022849,,536,0.536,0.0022857189178466797,0.0,1.0,100,2.1439523396007845
F,33,1000,3949.6982232836253,3.9496982232836255,3.9496982232836255,,0,0.0,0.002498149871826172,0.9,0.1,100,21.381223038371278
S2-linear,33,1000,1282.8198381129328,1.2828198381129328,1.2828198381129328,,0,0.0,0.002554178237915039,0.737,0.263,100,12.431010138352692
S2-lasso,33,1000,3998.2276650525296,3.9982276650525295,3.9982276650525295,,0,0.0,0.0025472640991210938,0.916,0.084,100,21.60882386602861
S2-knn,33,1000,15995.246990709278,15.995246990709278,15.995246990709278,,0,0.0,0.002363443374633789,0.989,0.011,100,21.583185949062536
random,34,1000,186175.2115291489,186.1752115291489,155.0586606014131,,71,0.071,0.003977537155151367,0.49,0.51,100,12.197121356427091
treat_all,34,1000,683470.8015417451,683.4708015417451,536.9898898497795,,561,0.561,0.0023670196533203125,0.0,1.0,100,2.1439523396007845
F,34,1000,286.34370670884874,0.28634370670884873,0.28634370670884873,,0,0.0,0.0025789737701416016,0.904,0.096,100,21.381223038371278
S2-linear,34,1000,61.35468503358573,0.06135468503358573,0.06135468503358573,,0,0.0,0.002566099166870117,0.723,0.277,100,12.431010138352692
S2-lasso,34,1000,156.69353203310337,0.15669353203310338,0.15669353203310338,,0,0.0,0.0025839805603027344,0.925,0.075,100,21.60882386602861
S2-knn,34,1000,3520.5953522033606,3.5205953522033604,3.5205953522033604,,0,0.0,0.0025086402893066406,0.988,0.012,100,21.583185949062536
random,35,1000,211679.68121844664,211.67968121844663,177.4870201576735,,84,0.084,0.0039365291595458984,0.501,0.499,100,12.197121356427091
treat_all,35,1000,719390.2213438429,719.3902213438429,583.7650020199632,,585,0.585,0.0023956298828125,0.0,1.0,100,2.1439523396007845
F,35,1000,124.52829255293133,0.12452829255293134,0.12452829255293134,,0,0.0,0.002604961395263672,0.914,0.086,100,21.381223038371278
S2-linear,35,1000,29478.549303586187,29.47854930358619,29.47854930358619,,0,0.0,0.0025599002838134766,0.7,0.3,100,12.431010138352692
S2-lasso,35,1000,216.55615188964524,0.21655615188964525,0.21655615188964525,,0,0.0,0.00258636474609375,0.928,0.072,100,21.60882386602861
S2-knn,35,1000,8779.671518645055,8.779671518645054,8.779671518645054,,0,0.0,0.0025017261505126953,0.992,0.008,100,21.583185949062536
random,36,1000,176340.99530203678,176.3409953020368,141.9674269745727,,81,0.081,0.003912687301635742,0.495,0.505,100,12.197121356427091
treat_all,36,1000,655422.1320642201,655.4221320642201,512.1189410468659,,576,0.576,0.0023605823516845703,0.0,1.0,100,2.1439523396007845
F,36,1000,50.1570034927633,0.0501570034927633,0.0501570034927633,,0,0.0,0.002572298049926758,0.913,0.087,100,21.381223038371278
S2-linear,36,1000,223.9470447178,0.2239470447178,0.2239470447178,,0,0.0,0.002597332000732422,0.718,0.282,100,12.431010138352692
S2-lasso,36,1000,252.35112672742582,0.2523511267274258,0.2523511267274258,,0,0.0,0.0025930404663085938,0.935,0.065,100,21.60882386602861
S2-knn,36,1000,7795.017745670442,7.795017745670442,7.795017745670442,,0,0.0,0.0025506019592285156,0.995,0.005,100,21.583185949062536
random,37,1000,168398.20212192723,168.39820212192723,149.01149979661682,,47,0.047,0.003972053527832031,0.494,0.506,100,12.197121356427091
treat_all,37,1000,659595.0593926059,659.5950593926059,512.1166953818778,,541,0.541,0.002389192581176758,0.0,1.0,100,2.1439523396007845
F,37,1000,2.0334877446424993,0.002033487744642499,0.002033487744642499,,0,0.0,0.0026726722717285156,0.898,0.102,100,21.381223038371278
S2-linear,37,1000,1049.7655241100763,1.0497655241100763,1.0497655241100763,,0,0.0,0.002629995346069336,0.698,0.302,100,12.431010138352692
S2-lasso,37,1000,0.3005273507091417,0.0003005273507091417,0.0003005273507091417,,0,0.0,0.0026161670684814453,0.921,0.079,100,21.60882386602861
S2-knn,37,1000,2.9190493966650197,0.00291904939666502,0.00291904939666502,,0,0.0,0.002601146697998047,0.988,0.012,100,21.583185949062536
random,38,1000,179475.65454742947,179.47565454742946,164.52968774428774,,39,0.039,0.0038900375366210938,0.492,0.508,100,12.197121356427091
treat_all,38,1000,687507.1655648237,687.5071655648237,570.1662760358926,,531,0.531,0.002391815185546875,0.0,1.0,100,2.1439523396007845
F,38,1000,2.265115265099886,0.002265115265099886,0.002265115265099886,,0,0.0,0.002610445022583008,0.905,0.095,100,21.381223038371278
S2-linear,38,1000,6279.29215847487,6.27929215847487,6.27929215847487,,0,0.0,0.0025730133056640625,0.724,0.276,100,12.431010138352692
S2-lasso,38,1000,0.7024002895426007,0.0007024002895426007,0.0007024002895426007,,0,0.0,0.0025954246520996094,0.934,0.066,100,21.60882386602861
S2-knn,38,1000,73.8370958188257,0.07383709581882571,0.07383709581882571,,0,0.0,0.002589702606201172,0.993,0.007,100,21.583185949062536
random,39,1000,169229.7749945002,169.22977499450022,137.96253959722213,,72,0.072,0.0038366317749023438,0.501,0.499,100,12.197121356427091
treat_all,39,1000,661448.6991674976,661.4486991674976,504.38701103410745,,573,0.573,0.002288341522216797,0.0,1.0,100,2.1439523396007845
F,39,1000,968.7278378536969,0.9687278378536969,0.9687278378536969,,0,0.0,0.0024955272674560547,0.902,0.098,100,21.381223038371278
S2-linear,39,1000,459.5001008558696,0.4595001008558696,0.4595001008558696,,0,0.0,0.0025010108947753906,0.735,0.265,100,12.431010138352692
S2-lasso,39,1000,942.525914576247,0.942525914576247,0.942525914576247,,0,0.0,0.002558469772338867,0.924,0.076,100,21.60882386602861
S2-knn,39,1000,6443.139523764032,6.443139523764032,6.443139523764032,,0,0.0,0.002458810806274414,0.993,0.007,100,21.583185949062536
random,40,1000,170677.64558550096,170.67764558550095,160.23194667280103,,28,0.028,0.003999233245849609,0.498,0.502,100,12.197121356427091
treat_all,40,1000,669304.3229335042,669.3043229335043,558.5833316393548,,526,0.526,0.0024003982543945312,0.0,1.0,100,2.1439523396007845
F,40,1000,0.5878994102911586,0.0005878994102911586,0.0005878994102911586,,0,0.0,0.0026655197143554688,0.899,0.101,100,21.381223038371278
S2-linear,40,1000,931.4267647696076,0.9314267647696076,0.9314267647696076,,0,0.0,0.0026307106018066406,0.707,0.293,100,12.431010138352692
S2-lasso,40,1000,1.8233375617865164,0.0018233375617865164,0.0018233375617865164,,0,0.0,0.002624034881591797,0.919,0.081,100,21.60882386602861
S2-knn,40,1000,1.8233375617865164,0.0018233375617865164,0.0018233375617865164,,0,0.0,0.002609729766845703,0.993,0.007,100,21.583185949062536
random,41,1000,164284.74678042252,164.28474678042252,137.2562618006616,,66,0.066,0.0038547515869140625,0.494,0.506,100,12.197121356427091
treat_all,41,1000,658432.1145159635,658.4321145159635,496.3679275328534,,560,0.56,0.0022954940795898438,0.0,1.0,100,2.1439523396007845
F,41,1000,2498.4604509674255,2.4984604509674253,2.4984604509674253,,0,0.0,0.0024755001068115234,0.904,0.096,100,21.381223038371278
S2-linear,41,1000,174.73018452532781,0.17473018452532782,0.17473018452532782,,0,0.0,0.0025446414947509766,0.723,0.277,100,12.431010138352692
S2-lasso,41,1000,6085.949718562754,6.0859497185627545,6.0859497185627545,,0,0.0,0.0024344921112060547,0.929,0.071,100,21.60882386602861
S2-knn,41,1000,34591.6276006252,34.5916276006252,34.5916276006252,,0,0.0,0.0023949146270751953,0.989,0.011,100,21.583185949062536
random,42,1000,161158.82184745598,161.15882184745598,131.89530802108985,,73,0.073,0.0038459300994873047,0.495,0.505,100,12.197121356427091
treat_all,42,1000,628121.7603054844,628.1217603054844,482.0420488562502,,568,0.568,0.0022783279418945312,0.0,1.0,100,2.1439523396007845
F,42,1000,0.17058014194916704,0.00017058014194916703,0.00017058014194916703,,0,0.0,0.0025238990783691406,0.903,0.097,100,21.381223038371278
S2-linear,42,1000,1555.1423360767221,1.555142336076722,1.555142336076722,,0,0.0,0.0025224685668945312,0.709,0.291,100,12.431010138352692
S2-lasso,42,1000,0.4228144584745033,0.0004228144584745033,0.0004228144584745033,,0,0.0,0.002529621124267578,0.926,0.074,100,21.60882386602861
S2-knn,42,1000,786.986123302381,0.7869861233023809,0.7869861233023809,,0,0.0,0.0024957656860351562,0.991,0.009,100,21.583185949062536
random,43,1000,144682.2079499404,144.68220794994042,137.04685778962246,,20,0.02,0.003879070281982422,0.516,0.484,100,12.197121356427091
treat_all,43,1000,650089.4528559139,650.0894528559139,521.7881337747978,,536,0.536,0.0023145675659179688,0.0,1.0,100,2.1439523396007845
F,43,1000,139.10862255187158,0.13910862255187156,0.13910862255187156,,0,0.0,0.002557992935180664,0.899,0.101,100,21.381223038371278
S2-linear,43,1000,5643.692506228354,5.643692506228354,5.643692506228354,,0,0.0,0.0025482177734375,0.723,0.277,100,12.431010138352692
S2-lasso,43,1000,368.9071758848113,0.3689071758848113,0.3689071758848113,,0,0.0,0.0026009082794189453,0.921,0.079,100,21.60882386602861
S2-knn,43,1000,8451.750563096119,8.451750563096118,8.451750563096118,,0,0.0,0.002486705780029297,0.993,0.007,100,21.583185949062536
random,44,1000,188096.82582010998,188.09682582010998,149.0128157399098,,93,0.093,0.0039331912994384766,0.478,0.522,100,12.197121356427091
treat_all,44,1000,656346.2267446707,656.3462267446706,515.3877498975257,,571,0.571,0.002301454544067383,0.0,1.0,100,2.1439523396007845
F,44,1000,251.05888658615441,0.25105888658615444,0.25105888658615444,,0,0.0,0.002527475357055664,0.905,0.095,100,21.381223038371278
S2-linear,44,1000,55.01839420769021,0.05501839420769021,0.05501839420769021,,0,0.0,0.002555370330810547,0.716,0.284,100,12.431010138352692
S2-lasso,44,1000,438.5268124699253,0.4385268124699253,0.4385268124699253,,0,0.0,0.002568483352661133,0.93,0.07,100,21.60882386602861
S2-knn,44,1000,559.5600213441483,0.5595600213441483,0.5595600213441483,,0,0.0,0.0025861263275146484,0.993,0.007,100,21.583185949062536
random,45,1000,193359.8171383955,193.3598171383955,169.18757389781678,,62,0.062,0.0038475990295410156,0.506,0.494,100,12.197121356427091
treat_all,45,1000,681030.1570345048,681.0301570345048,567.0929941723238,,568,0.568,0.0022742748260498047,0.0,1.0,100,2.1439523396007845
F,45,1000,1631.8271118811433,1.6318271118811434,1.6318271118811434,,0,0.0,0.0025069713592529297,0.898,0.102,100,21.381223038371278
S2-linear,45,1000,14782.1202828879,14.782120282887899,14.782120282887899,,0,0.0,0.0025675296783447266,0.711,0.289,100,12.431010138352692
S2-lasso,45,1000,1978.3672342571297,1.9783672342571297,1.9783672342571297,,0,0.0,0.002516508102416992,0.929,0.071,100,21.60882386602861
S2-knn,45,1000,23873.87797261833,23.87387797261833,23.87387797261833,,0,0.0,0.002372264862060547,0.993,0.007,100,21.583185949062536
random,46,1000,181582.24055092278,181.5822405509228,158.84949775210072,,58,0.058,0.0038640499114990234,0.491,0.509,100,12.197121356427091
treat_all,46,1000,671279.593148928,671.279593148928,538.8508812383515,,549,0.549,0.0023212432861328125,0.0,1.0,100,2.1439523396007845
F,46,1000,4928.890509085593,4.928890509085593,4.928890509085593,,0,0.0,0.002460956573486328,0.904,0.096,100,21.381223038371278
S2-linear,46,1000,3038.901980264687,3.0389019802646873,3.0389019802646873,,0,0.0,0.002528667449951172,0.711,0.289,100,12.431010138352692
S2-lasso,46,1000,5973.69276855981,5.97369276855981,5.97369276855981,,0,0.0,0.0024573802947998047,0.916,0.084,100,21.60882386602861
S2-knn,46,1000,31412.690356580726,31.412690356580725,31.412690356580725,,0,0.0,0.0024144649505615234,0.988,0.012,100,21.583185949062536
random,47,1000,163453.08406440835,163.45308406440836,150.85479024631348,,32,0.032,0.004003047943115234,0.519,0.481,100,12.197121356427091
treat_all,47,1000,696548.2999153405,696.5482999153405,571.8013698056878,,551,0.551,0.0024175643920898438,0.0,1.0,100,2.1439523396007845
F,47,1000,1.820549810374196,0.001820549810374196,0.001820549810374196,,0,0.0,0.002654552459716797,0.911,0.089,100,21.381223038371278
S2-linear,47,1000,9020.747341287875,9.020747341287874,9.020747341287874,,0,0.0,0.0026068687438964844,0.696,0.304,100,12.431010138352692
S2-lasso,47,1000,0.0,0.0,0.0,,0,0.0,0.01564931869506836,0.931,0.069,100,21.60882386602861
S2-knn,47,1000,0.0,0.0,0.0,,0,0.0,0.0026645660400390625,0.99,0.01,100,21.583185949062536
random,48,1000,201298.02220502414,201.29802220502415,157.93213937600706,,106,0.106,0.003862619400024414,0.482,0.518,100,12.197121356427091
treat_all,48,1000,661248.4627664424,661.2484627664425,524.0444774110958,,588,0.588,0.002291440963745117,0.0,1.0,100,2.1439523396007845
F,48,1000,0.0,0.0,0.0,,0,0.0,0.006078481674194336,0.902,0.098,100,21.381223038371278
S2-linear,48,1000,18101.392984452363,18.101392984452364,18.101392984452364,,0,0.0,0.00255584716796875,0.71,0.29,100,12.431010138352692
S2-lasso,48,1000,201.33526743499988,0.20133526743499988,0.20133526743499988,,0,0.0,0.0024831295013427734,0.932,0.068,100,21.60882386602861
S2-knn,48,1000,12519.898116492637,12.519898116492637,12.519898116492637,,0,0.0,0.002407550811767578,0.994,0.006,100,21.583185949062536
random,49,1000,207039.54740131754,207.03954740131755,174.2120551040729,,74,0.074,0.00402522087097168,0.461,0.539,100,12.197121356427091
treat_all,49,1000,693161.6909966832,693.1616909966832,542.4560917697717,,535,0.535,0.008541345596313477,0.0,1.0,100,2.1439523396007845
F,49,1000,6.924452984513156,0.006924452984513156,0.006924452984513156,,0,0.0,0.0026366710662841797,0.918,0.082,100,21.381223038371278
S2-linear,49,1000,26.75054959388467,0.02675054959388467,0.02675054959388467,,0,0.0,0.002630472183227539,0.709,0.291,100,12.431010138352692
S2-lasso,49,1000,5.5979646505115,0.0055979646505115,0.0055979646505115,,0,0.0,0.014323234558105469,0.928,0.072,100,21.60882386602861
S2-knn,49,1000,3554.0997920243162,3.5540997920243163,3.5540997920243163,,0,0.0,0.002686738967895508,0.996,0.004,100,21.583185949062536
random,0,1000,155757.95225978474,155.75795225978473,143.43631555969924,,31,0.031,0.003783702850341797,0.509,0.491,200,12.197121356427091
treat_all,0,1000,673135.3494917059,673.1353494917059,539.087562761301,,540,0.54,0.002271890640258789,0.0,1.0,200,2.1439523396007845
F,0,1000,227.6236430650515,0.2276236430650515,0.2276236430650515,,0,0.0,0.0024383068084716797,0.932,0.068,200,20.029018655231894
S2-linear,0,1000,23462.811477260762,23.46281147726076,23.46281147726076,,0,0.0,0.002439260482788086,0.673,0.327,200,13.720091897120557
S2-lasso,0,1000,12726.881508631239,12.726881508631239,12.726881508631239,,0,0.0,0.002421140670776367,0.682,0.318,200,14.934486662043108
S2-knn,0,1000,47.401062321811054,0.04740106232181105,0.04740106232181105,,0,0.0,0.0024559497833251953,0.84,0.16,200,20.753954279272282
random,1,1000,175568.02269690303,175.56802269690303,155.98393093991658,,51,0.051,0.003624439239501953,0.49,0.51,200,12.197121356427091
treat_all,1,1000,652576.2500789016,652.5762500789017,528.029542241522,,541,0.541,0.0021224021911621094,0.0,1.0,200,2.1439523396007845
F,1,1000,13221.439074271908,13.221439074271908,13.221439074271908,,0,0.0,0.0022704601287841797,0.911,0.089,200,20.029018655231894
S2-linear,1,1000,46379.827856927484,46.379827856927484,46.379827856927484,,0,0.0,0.0023653507232666016,0.639,0.361,200,13.720091897120557
S2-lasso,1,1000,33154.192862899916,33.15419286289992,33.15419286289992,,0,0.0,0.002354860305786133,0.654,0.346,200,14.934486662043108
S2-knn,1,1000,499.0229828683035,0.4990229828683035,0.4990229828683035,,0,0.0,0.0023839473724365234,0.833,0.167,200,20.753954279272282
random,2,1000,156071.3360240014,156.0713360240014,145.3442747483556,,26,0.026,0.0036656856536865234,0.503,0.497,200,12.197121356427091
treat_all,2,1000,674199.883425932,674.1998834259321,555.2555265858045,,529,0.529,0.0021979808807373047,0.0,1.0,200,2.1439523396007845
F,2,1000,10.67019605465848,0.010670196054658479,0.010670196054658479,,0,0.0,0.002456188201904297,0.913,0.087,200,20.029018655231894
S2-linear,2,1000,17143.880272726172,17.14388027272617,17.14388027272617,,0,0.0,0.002418994903564453,0.675,0.325,200,13.720091897120557
S2-lasso,2,1000,15766.974178828283,15.766974178828283,15.766974178828283,,0,0.0,0.0024263858795166016,0.678,0.322,200,14.934486662043108
S2-knn,2,1000,8.475006787530116,0.008475006787530116,0.008475006787530116,,0,0.0,0.0024704933166503906,0.829,0.171,200,20.753954279272282
random,3,1000,199224.8263149948,199.2248263149948,170.45900660320055,,70,0.07,0.0036742687225341797,0.491,0.509,200,12.197121356427091
treat_all,3,1000,706124.1851311645,706.1241851311645,565.2843797228707,,561,0.561,0.0021958351135253906,0.0,1.0,200,2.1439523396007845
F,3,1000,972.0548924098132,0.9720548924098132,0.9720548924098132,,0,0.0,0.002419710159301758,0.917,0.083,200,20.029018655231894
S2-linear,3,1000,58768.307468764724,58.768307468764725,58.768307468764725,,0,0.0,0.0024023056030273438,0.624,0.376,200,13.720091897120557
S2-lasso,3,1000,63593.21201890454,63.59321201890454,63.59321201890454,,0,0.0,0.002444028854370117,0.622,0.378,200,14.934486662043108
S2-knn,3,1000,32.26944969802056,0.03226944969802056,0.03226944969802056,,0,0.0,0.0024385452270507812,0.82,0.18,200,20.753954279272282
random,4,1000,140511.1536472406,140.5111536472406,124.80569804045048,,40,0.04,0.003621816635131836,0.504,0.496,200,12.197121356427091
treat_all,4,1000,634025.2931005989,634.0252931005989,481.8191380760083,,544,0.544,0.002149343490600586,0.0,1.0,200,2.1439523396007845
F,4,1000,1140.594250061062,1.140594250061062,1.140594250061062,,0,0.0,0.002378702163696289,0.927,0.073,200,20.029018655231894
S2-linear,4,1000,32768.61469402257,32.768614694022574,32.768614694022574,,0,0.0,0.0023632049560546875,0.631,0.369,200,13.720091897120557
S2-lasso,4,1000,28555.643514356067,28.555643514356067,28.555643514356067,,0,0.0,0.0023686885833740234,0.636,0.364,200,14.934486662043108
S2-knn,4,1000,18.975498880376716,0.018975498880376716,0.018975498880376716,,0,0.0,0.0024328231811523438,0.828,0.172,200,20.753954279272282
random,5,1000,202286.15441116097,202.28615441116096,155.0731153275392,,109,0.109,0.003659486770629883,0.473,0.527,200,12.197121356427091
treat_all,5,1000,659237.0559170617,659.2370559170618,515.0684284736575,,582,0.582,0.0021550655364990234,0.0,1.0,200,2.1439523396007845
F,5,1000,0.14666228099810663,0.00014666228099810663,0.00014666228099810663,,0,0.0,0.0024030208587646484,0.931,0.069,200,20.029018655231894
S2-linear,5,1000,62658.42760697042,62.65842760697042,62.65842760697042,,0,0.0,0.002368927001953125,0.621,0.379,200,13.720091897120557
S2-lasso,5,1000,58123.41857574303,58.12341857574303,58.12341857574303,,0,0.0,0.002345561981201172,0.627,0.373,200,14.934486662043108
S2-knn,5,1000,2.599156632315755,0.002599156632315755,0.002599156632315755,,0,0.0,0.002397298812866211,0.835,0.165,200,20.753954279272282
random,6,1000,183611.15162593333,183.61115162593333,145.1813996566078,,89,0.089,0.0036194324493408203,0.501,0.499,200,12.197121356427091
treat_all,6,1000,681125.5773449021,681.1255773449021,535.2418286906575,,590,0.59,0.0021562576293945312,0.0,1.0,200,2.1439523396007845
F,6,1000,22179.980235463976,22.179980235463976,22.179980235463976,,0,0.0,0.002254962921142578,0.921,0.079,200,20.029018655231894
S2-linear,6,1000,56904.77473429032,56.904774734290314,56.904774734290314,,0,0.0,0.0023736953735351562,0.625,0.375,200,13.720091897120557
S2-lasso,6,1000,47145.51195728223,47.14551195728223,47.14551195728223,,0,0.0,0.0023415088653564453,0.639,0.361,200,14.934486662043108
S2-knn,6,1000,2175.3653660096843,2.175365366009684,2.175365366009684,,0,0.0,0.002344846725463867,0.836,0.164,200,20.753954279272282
random,7,1000,108691.41634121718,108.69141634121718,103.68051186302579,,12,0.012,0.0036745071411132812,0.504,0.496,200,12.197121356427091
treat_all,7,1000,605705.8398794618,605.7058398794618,447.9897775576923,,516,0.516,0.002198934555053711,0.0,1.0,200,2.1439523396007845
F,7,1000,26.01517833151975,0.02601517833151975,0.02601517833151975,,0,0.0,0.0024487972259521484,0.922,0.078,200,20.029018655231894
S2-linear,7,1000,17950.788837582153,17.950788837582152,17.950788837582152,,0,0.0,0.002416372299194336,0.617,0.383,200,13.720091897120557
S2-lasso,7,1000,4035.627961929861,4.035627961929861,4.035627961929861,,0,0.0,0.0024306774139404297,0.635,0.365,200,14.934486662043108
S2-knn,7,1000,0.0,0.0,0.0,,0,0.0,0.002452373504638672,0.836,0.164,200,20.753954279272282
random,8,1000,125570.38562932872,125.57038562932873,120.07364993705175,,14,0.014,0.0036759376525878906,0.532,0.468,200,12.197121356427091
treat_all,8,1000,660508.6603665653,660.5086603665653,529.7907102520498,,546,0.546,0.002202749252319336,0.0,1.0,200,2.1439523396007845
F,8,1000,1033.8000329218448,1.0338000329218449,1.0338000329218449,,0,0.0,0.0024149417877197266,0.922,0.078,200,20.029018655231894
S2-linear,8,1000,55802.91631287221,55.802916312872206,55.802916312872206,,0,0.0,0.002421855926513672,0.617,0.383,200,13.720091897120557
S2-lasso,8,1000,44263.095803449425,44.263095803449424,44.263095803449424,,0,0.0,0.002425670623779297,0.634,0.366,200,14.934486662043108
S2-knn,8,1000,473.7838623097871,0.4737838623097871,0.4737838623097871,,0,0.0,0.0024297237396240234,0.834,0.166,200,20.753954279272282
random,9,1000,200851.86227751384,200.85186227751385,165.21960286611585,,85,0.085,0.0036313533782958984,0.502,0.498,200,12.197121356427091
treat_all,9,1000,708966.9393228278,708.9669393228279,576.2333776528698,,587,0.587,0.002139568328857422,0.0,1.0,200,2.1439523396007845
F,9,1000,3193.5013050802604,3.1935013050802605,3.1935013050802605,,0,0.0,0.002356290817260742,0.928,0.072,200,20.029018655231894
S2-linear,9,1000,74482.58603149795,74.48258603149795,74.48258603149795,,0,0.0,0.0023915767669677734,0.632,0.368,200,13.720091897120557
S2-lasso,9,1000,73327.4851869111,73.3274851869111,73.3274851869111,,0,0.0,0.0023665428161621094,0.632,0.368,200,14.934486662043108
S2-knn,9,1000,625.0522521128668,0.6250522521128667,0.6250522521128667,,0,0.0,0.0023725032806396484,0.826,0.174,200,20.753954279272282
random,10,1000,206420.69620177,206.42069620177,165.7609798124251,,90,0.09,0.0036401748657226562,0.483,0.517,200,12.197121356427091
treat_all,10,1000,697476.3386858259,697.4763386858259,545.0819527965328,,573,0.573,0.002161741256713867,0.0,1.0,200,2.1439523396007845
F,10,1000,65.19605687948,0.06519605687947999,0.06519605687947999,,0,0.0,0.002460002899169922,0.925,0.075,200,20.029018655231894
S2-linear,10,1000,25653.1303415896,25.6531303415896,25.6531303415896,,0,0.0,0.002373218536376953,0.668,0.332,200,13.720091897120557
S2-lasso,10,1000,25226.502006395494,25.226502006395496,25.226502006395496,,0,0.0,0.0023674964904785156,0.671,0.329,200,14.934486662043108
S2-knn,10,1000,4.549737405519734,0.004549737405519734,0.004549737405519734,,0,0.0,0.0024149417877197266,0.853,0.147,200,20.753954279272282
random,11,1000,145456.7198686626,145.4567198686626,140.3376311030639,,13,0.013,0.003656625747680664,0.52,0.48,200,12.197121356427091
treat_all,11,1000,695207.8100719964,695.2078100719964,553.3622306334681,,533,0.533,0.0021762847900390625,0.0,1.0,200,2.1439523396007845
F,11,1000,985.1222325339658,0.9851222325339658,0.9851222325339658,,0,0.0,0.0024089813232421875,0.935,0.065,200,20.029018655231894
S2-linear,11,1000,54703.38665342699,54.70338665342699,54.70338665342699,,0,0.0,0.0024023056030273438,0.621,0.379,200,13.720091897120557
S2-lasso,11,1000,45101.140533983744,45.101140533983745,45.101140533983745,,0,0.0,0.002389669418334961,0.628,0.372,200,14.934486662043108
S2-knn,11,1000,1.4878195164902337,0.0014878195164902336,0.0014878195164902336,,0,0.0,0.002465486526489258,0.838,0.162,200,20.753954279272282
random,12,1000,154975.90468594158,154.97590468594157,137.5542002340137,,43,0.043,0.003612995147705078,0.505,0.495,200,12.197121356427091
treat_all,12,1000,653128.7702595042,653.1287702595042,520.7840889297278,,548,0.548,0.0021474361419677734,0.0,1.0,200,2.1439523396007845
F,12,1000,1550.7931270049883,1.5507931270049882,1.5507931270049882,,0,0.0,0.0023550987243652344,0.929,0.071,200,20.029018655231894
S2-linear,12,1000,54712.14656210648,54.712146562106476,54.712146562106476,,0,0.0,0.0023512840270996094,0.604,0.396,200,13.720091897120557
S2-lasso,12,1000,32575.962328261303,32.575962328261305,32.575962328261305,,0,0.0,0.0023496150970458984,0.639,0.361,200,14.934486662043108
S2-knn,12,1000,300.57573346739116,0.30057573346739114,0.30057573346739114,,0,0.0,0.002397298812866211,0.834,0.166,200,20.753954279272282
random,13,1000,193011.8423916673,193.0118423916673,154.24967342391977,,90,0.09,0.003629446029663086,0.477,0.523,200,12.197121356427091
treat_all,13,1000,663743.1805892583,663.7431805892584,509.5163964689887,,567,0.567,0.002156496047973633,0.0,1.0,200,2.1439523396007845
F,13,1000,93.09468256738086,0.09309468256738086,0.09309468256738086,,0,0.0,0.0024149417877197266,0.923,0.077,200,20.029018655231894
S2-linear,13,1000,42332.09802258325,42.33209802258325,42.33209802258325,,0,0.0,0.002369403839111328,0.629,0.371,200,13.720091897120557
S2-lasso,13,1000,39413.237230980376,39.41323723098038,39.41323723098038,,0,0.0,0.00237274169921875,0.639,0.361,200,14.934486662043108
S2-knn,13,1000,41.522483004438065,0.04152248300443807,0.04152248300443807,,0,0.0,0.0024073123931884766,0.83,0.17,200,20.753954279272282
random,14,1000,181114.9765548236,181.1149765548236,169.27766107203314,,32,0.032,0.003707408905029297,0.503,0.497,200,12.197121356427091
treat_all,14,1000,701185.0366679451,701.185036667945,582.108690561215,,535,0.535,0.002209186553955078,0.0,1.0,200,2.1439523396007845
F,14,1000,83.83397192455928,0.08383397192455928,0.08383397192455928,,0,0.0,0.0024652481079101562,0.926,0.074,200,20.029018655231894
S2-linear,14,1000,63236.25485260975,63.236254852609754,63.236254852609754,,0,0.0,0.002420663833618164,0.624,0.376,200,13.720091897120557
S2-lasso,14,1000,56114.08863936292,56.11408863936292,56.11408863936292,,0,0.0,0.002421855926513672,0.642,0.358,200,14.934486662043108
S2-knn,14,1000,217.73226056206528,0.21773226056206527,0.21773226056206527,,0,0.0,0.002453327178955078,0.832,0.168,200,20.753954279272282
random,15,1000,133436.6992383413,133.4366992383413,131.2387821828777,,6,0.006,0.003626585006713867,0.523,0.477,200,12.197121356427091
treat_all,15,1000,640730.5898122464,640.7305898122464,520.252610725721,,529,0.529,0.0021431446075439453,0.0,1.0,200,2.1439523396007845
F,15,1000,196.75099470811108,0.19675099470811108,0.19675099470811108,,0,0.0,0.0024225711822509766,0.929,0.071,200,20.029018655231894
S2-linear,15,1000,31161.236435240622,31.16123643524062,31.16123643524062,,0,0.0,0.002385854721069336,0.634,0.366,200,13.720091897120557
S2-lasso,15,1000,22837.01229801033,22.83701229801033,22.83701229801033,,0,0.0,0.00238800048828125,0.645,0.355,200,14.934486662043108
S2-knn,15,1000,2.115978215294289,0.002115978215294289,0.002115978215294289,,0,0.0,0.002432107925415039,0.815,0.185,200,20.753954279272282
random,16,1000,115539.4442652433,115.5394442652433,111.44243524771342,,10,0.01,0.003713369369506836,0.497,0.503,200,12.197121356427091
treat_all,16,1000,627305.3332147074,627.3053332147074,486.5550606990829,,507,0.507,0.002403736114501953,0.0,1.0,200,2.1439523396007845
F,16,1000,0.0,0.0,0.0,,0,0.0,0.002512693405151367,0.918,0.082,200,20.029018655231894
S2-linear,16,1000,24344.39798506743,24.34439798506743,24.34439798506743,,0,0.0,0.002456188201904297,0.613,0.387,200,13.720091897120557
S2-lasso,16,1000,15634.810693653933,15.634810693653934,15.634810693653934,,0,0.0,0.0024688243865966797,0.633,0.367,200,14.934486662043108
S2-knn,16,1000,12.711213371569105,0.012711213371569104,0.012711213371569104,,0,0.0,0.002522706985473633,0.833,0.167,200,20.753954279272282
random,17,1000,138634.67953500705,138.63467953500705,128.82095030397923,,23,0.023,0.0037195682525634766,0.498,0.502,200,12.197121356427091
treat_all,17,1000,654641.6609505829,654.641660950583,513.0342970106116,,521,0.521,0.0022459030151367188,0.0,1.0,200,2.1439523396007845
F,17,1000,0.0,0.0,0.0,,0,0.0,0.0024864673614501953,0.917,0.083,200,20.029018655231894
S2-linear,17,1000,19901.277106409383,19.901277106409385,19.901277106409385,,0,0.0,0.002452373504638672,0.634,0.366,200,13.720091897120557
S2-lasso,17,1000,5184.8163139138705,5.1848163139138705,5.1848163139138705,,0,0.0,0.0024514198303222656,0.657,0.343,200,14.934486662043108
S2-knn,17,1000,0.0,0.0,0.0,,0,0.0,0.002488851547241211,0.838,0.162,200,20.753954279272282
random,18,1000,150575.6709708243,150.57567097082432,139.69106715996216,,29,0.029,0.003619670867919922,0.517,0.483,200,12.197121356427091
treat_all,18,1000,643255.0449234799,643.2550449234799,523.5190602198134,,546,0.546,0.0021326541900634766,0.0,1.0,200,2.1439523396007845
F,18,1000,684.5463099645117,0.6845463099645117,0.6845463099645117,,0,0.0,0.0023534297943115234,0.919,0.081,200,20.029018655231894
S2-linear,18,1000,41354.638773467945,41.35463877346795,41.35463877346795,,0,0.0,0.0023512840270996094,0.635,0.365,200,13.720091897120557
S2-lasso,18,1000,35306.09065612693,35.306090656126926,35.306090656126926,,0,0.0,0.002361297607421875,0.642,0.358,200,14.934486662043108
S2-knn,18,1000,46.316709694710376,0.04631670969471038,0.04631670969471038,,0,0.0,0.0023910999298095703,0.832,0.168,200,20.753954279272282
random,19,1000,164217.35364486478,164.21735364486477,142.10900801998264,,55,0.055,0.0036208629608154297,0.512,0.488,200,12.197121356427091
treat_all,19,1000,662190.1515407747,662.1901515407748,526.5919794500222,,567,0.567,0.0021505355834960938,0.0,1.0,200,2.1439523396007845
F,19,1000,4822.187510806819,4.822187510806819,4.822187510806819,,0,0.0,0.0023376941680908203,0.898,0.102,200,20.029018655231894
S2-linear,19,1000,55909.95213869418,55.90995213869418,55.90995213869418,,0,0.0,0.0024213790893554688,0.63,0.37,200,13.720091897120557
S2-lasso,19,1000,45663.32196526905,45.663321965269056,45.663321965269056,,0,0.0,0.0023658275604248047,0.644,0.356,200,14.934486662043108
S2-knn,19,1000,3227.318351849139,3.227318351849139,3.227318351849139,,0,0.0,0.0023987293243408203,0.831,0.169,200,20.753954279272282
random,20,1000,157554.31133060527,157.55431133060526,144.6249275588808,,33,0.033,0.003635883331298828,0.513,0.487,200,12.197121356427091
treat_all,20,1000,675069.3321700825,675.0693321700825,538.9650010860904,,546,0.546,0.0021681785583496094,0.0,1.0,200,2.1439523396007845
F,20,1000,4357.714399543045,4.357714399543045,4.357714399543045,,0,0.0,0.0023512840270996094,0.907,0.093,200,20.029018655231894
S2-linear,20,1000,36180.37481678421,36.180374816784216,36.180374816784216,,0,0.0,0.0024025440216064453,0.661,0.339,200,13.720091897120557
S2-lasso,20,1000,29950.82708008932,29.95082708008932,29.95082708008932,,0,0.0,0.002576112747192383,0.671,0.329,200,14.934486662043108
S2-knn,20,1000,888.7336503041381,0.8887336503041381,0.8887336503041381,,0,0.0,0.0023956298828125,0.846,0.154,200,20.753954279272282
random,21,1000,168864.3400959032,168.8643400959032,134.63726178815966,,79,0.079,0.0036821365356445312,0.511,0.489,200,12.197121356427091
treat_all,21,1000,674803.942607118,674.8039426071181,516.5075588218635,,590,0.59,0.002184152603149414,0.0,1.0,200,2.1439523396007845
F,21,1000,8117.787750539132,8.117787750539131,8.117787750539131,,0,0.0,0.002351522445678711,0.937,0.063,200,20.029018655231894
S2-linear,21,1000,43480.19417801005,43.48019417801005,43.48019417801005,,0,0.0,0.0024166107177734375,0.639,0.361,200,13.720091897120557
S2-lasso,21,1000,37646.15352606724,37.64615352606724,37.64615352606724,,0,0.0,0.0023882389068603516,0.65,0.35,200,14.934486662043108
S2-knn,21,1000,801.6553941327303,0.8016553941327303,0.8016553941327303,,0,0.0,0.0024547576904296875,0.848,0.152,200,20.753954279272282
random,22,1000,152529.9709040734,152.5299709040734,144.70035157410766,,20,0.02,0.0036842823028564453,0.499,0.501,200,12.197121356427091
treat_all,22,1000,659762.420008847,659.762420008847,535.1374698444602,,519,0.519,0.0022356510162353516,0.0,1.0,200,2.1439523396007845
F,22,1000,442.73989348171796,0.44273989348171794,0.44273989348171794,,0,0.0,0.0024695396423339844,0.924,0.076,200,20.029018655231894
S2-linear,22,1000,34741.60041461175,34.741600414611746,34.741600414611746,,0,0.0,0.0024330615997314453,0.619,0.381,200,13.720091897120557
S2-lasso,22,1000,25653.162871547545,25.653162871547547,25.653162871547547,,0,0.0,0.0024793148040771484,0.633,0.367,200,14.934486662043108
S2-knn,22,1000,61.18480637810482,0.06118480637810482,0.06118480637810482,,0,0.0,0.002464771270751953,0.831,0.169,200,20.753954279272282
random,23,1000,190806.98285930505,190.80698285930504,162.0189928687938,,73,0.073,0.0036351680755615234,0.49,0.51,200,12.197121356427091
treat_all,23,1000,656915.0836398492,656.9150836398492,533.3156163605244,,563,0.563,0.002154111862182617,0.0,1.0,200,2.1439523396007845
F,23,1000,163.41056389554635,0.16341056389554634,0.16341056389554634,,0,0.0,0.002376079559326172,0.925,0.075,200,20.029018655231894
S2-linear,23,1000,33507.3548864938,33.5073548864938,33.5073548864938,,0,0.0,0.002370595932006836,0.65,0.35,200,13.720091897120557
S2-lasso,23,1000,36945.83549787916,36.94583549787916,36.94583549787916,,0,0.0,0.0023529529571533203,0.644,0.356,200,14.934486662043108
S2-knn,23,1000,0.0,0.0,0.0,,0,0.0,0.0023784637451171875,0.83,0.17,200,20.753954279272282
random,24,1000,130814.27291457176,130.81427291457177,115.07105855025452,,38,0.038,0.003663778305053711,0.517,0.483,200,12.197121356427091
treat_all,24,1000,636525.8550032843,636.5258550032843,477.13891088568363,,555,0.555,0.0021572113037109375,0.0,1.0,200,2.1439523396007845
F,24,1000,2.8245345132418986,0.0028245345132418987,0.0028245345132418987,,0,0.0,0.0024607181549072266,0.931,0.069,200,20.029018655231894
S2-linear,24,1000,19889.806562349266,19.889806562349264,19.889806562349264,,0,0.0,0.0025784969329833984,0.648,0.352,200,13.720091897120557
S2-lasso,24,1000,14516.376680012258,14.516376680012257,14.516376680012257,,0,0.0,0.0023910999298095703,0.66,0.34,200,14.934486662043108
S2-knn,24,1000,5.583080851372892,0.005583080851372892,0.005583080851372892,,0,0.0,0.0024476051330566406,0.849,0.151,200,20.753954279272282
random,25,1000,152507.65953852548,152.50765953852547,137.37855701522835,,37,0.037,0.003681659698486328,0.502,0.498,200,12.197121356427091
treat_all,25,1000,661410.8790656582,661.4108790656582,531.2715320990304,,539,0.539,0.0022125244140625,0.0,1.0,200,2.1439523396007845
F,25,1000,24.172756035073284,0.024172756035073285,0.024172756035073285,,0,0.0,0.002488851547241211,0.917,0.083,200,20.029018655231894
S2-linear,25,1000,42874.671244706566,42.87467124470657,42.87467124470657,,0,0.0,0.002407550811767578,0.62,0.38,200,13.720091897120557
S2-lasso,25,1000,27062.104376344574,27.062104376344575,27.062104376344575,,0,0.0,0.0024154186248779297,0.642,0.358,200,14.934486662043108
S2-knn,25,1000,2.700633068994404,0.002700633068994404,0.002700633068994404,,0,0.0,0.002462148666381836,0.837,0.163,200,20.753954279272282
random,26,1000,165523.67181149215,165.52367181149216,140.6609732378957,,61,0.061,0.0036809444427490234,0.502,0.498,200,12.197121356427091
treat_all,26,1000,674949.4290790542,674.9494290790542,531.3433560344413,,563,0.563,0.0021920204162597656,0.0,1.0,200,2.1439523396007845
F,26,1000,55.63198647833476,0.05563198647833476,0.05563198647833476,,0,0.0,0.0024259090423583984,0.909,0.091,200,20.029018655231894
S2-linear,26,1000,41388.20160728363,41.38820160728363,41.38820160728363,,0,0.0,0.0024280548095703125,0.634,0.366,200,13.720091897120557
S2-lasso,26,1000,28571.52326316233,28.57152326316233,28.57152326316233,,0,0.0,0.0023615360260009766,0.64,0.36,200,14.934486662043108
S2-knn,26,1000,22.024394068751768,0.022024394068751767,0.022024394068751767,,0,0.0,0.002429485321044922,0.839,0.161,200,20.753954279272282
random,27,1000,160033.67777798805,160.03367777798806,143.94971141288735,,43,0.043,0.0036313533782958984,0.508,0.492,200,12.197121356427091
treat_all,27,1000,638131.8086145602,638.1318086145602,525.6103169843637,,551,0.551,0.002173900604248047,0.0,1.0,200,2.1439523396007845
F,27,1000,21.48414227887038,0.02148414227887038,0.02148414227887038,,0,0.0,0.0024001598358154297,0.912,0.088,200,20.029018655231894
S2-linear,27,1000,49108.19009729032,49.10819009729032,49.10819009729032,,0,0.0,0.002353191375732422,0.642,0.358,200,13.720091897120557
S2-lasso,27,1000,35839.14614070246,35.83914614070246,35.83914614070246,,0,0.0,0.002327442169189453,0.656,0.344,200,14.934486662043108
S2-knn,27,1000,48.42848127397915,0.048428481273979154,0.048428481273979154,,0,0.0,0.002363920211791992,0.823,0.177,200,20.753954279272282
random,28,1000,132999.00963457677,132.99900963457677,118.18605193848802,,35,0.035,0.0037322044372558594,0.505,0.495,200,12.197121356427091
treat_all,28,1000,625491.955515659,625.4919555156589,492.17443693359183,,540,0.54,0.0022008419036865234,0.0,1.0,200,2.1439523396007845
F,28,1000,20.48318088152307,0.02048318088152307,0.02048318088152307,,0,0.0,0.0024428367614746094,0.927,0.073,200,20.029018655231894
S2-linear,28,1000,33260.84202763429,33.26084202763429,33.26084202763429,,0,0.0,0.002428293228149414,0.612,0.388,200,13.720091897120557
S2-lasso,28,1000,29136.26735754199,29.13626735754199,29.13626735754199,,0,0.0,0.002421140670776367,0.623,0.377,200,14.934486662043108
S2-knn,28,1000,0.0,0.0,0.0,,0,0.0,0.002433300018310547,0.838,0.162,200,20.753954279272282
random,29,1000,149924.5959144163,149.9245959144163,137.1728245329919,,32,0.032,0.003659963607788086,0.502,0.498,200,12.197121356427091
treat_all,29,1000,657012.8947596569,657.0128947596569,522.9335388446306,,534,0.534,0.002223968505859375,0.0,1.0,200,2.1439523396007845
F,29,1000,147.60519393123076,0.14760519393123075,0.14760519393123075,,0,0.0,0.0024743080139160156,0.914,0.086,200,20.029018655231894
S2-linear,29,1000,38273.02927015611,38.273029270156115,38.273029270156115,,0,0.0,0.002442598342895508,0.625,0.375,200,13.720091897120557
S2-lasso,29,1000,29563.41979110163,29.56341979110163,29.56341979110163,,0,0.0,0.002420186996459961,0.637,0.363,200,14.934486662043108
S2-knn,29,1000,1.590226556530923,0.001590226556530923,0.001590226556530923,,0,0.0,0.002468109130859375,0.826,0.174,200,20.753954279272282
random,30,1000,205106.003648475,205.106003648475,166.68272096163813,,92,0.092,0.003765106201171875,0.463,0.537,200,12.197121356427091
treat_all,30,1000,676222.5346690957,676.2225346690957,535.8888521099898,,555,0.555,0.002270221710205078,0.0,1.0,200,2.1439523396007845
F,30,1000,0.0,0.0,0.0,,0,0.0,0.0024933815002441406,0.93,0.07,200,20.029018655231894
S2-linear,30,1000,37031.7672187191,37.0317672187191,37.0317672187191,,0,0.0,0.002518892288208008,0.652,0.348,200,13.720091897120557
S2-lasso,30,1000,29590.492817029437,29.590492817029435,29.590492817029435,,0,0.0,0.0024285316467285156,0.662,0.338,200,14.934486662043108
S2-knn,30,1000,0.0,0.0,0.0,,0,0.0,0.002481222152709961,0.844,0.156,200,20.753954279272282
random,31,1000,144789.57783850894,144.78957783850893,144.78957783850893,,0,0.0,0.0037772655487060547,0.508,0.492,200,12.197121356427091
treat_all,31,1000,683371.048151608,683.371048151608,564.7310287444255,,505,0.505,0.002249479293823242,0.0,1.0,200,2.1439523396007845
F,31,1000,79.67955745302956,0.07967955745302956,0.07967955745302956,,0,0.0,0.002496480941772461,0.926,0.074,200,20.029018655231894
S2-linear,31,1000,43903.229011857686,43.90322901185768,43.90322901185768,,0,0.0,0.002529621124267578,0.632,0.368,200,13.720091897120557
S2-lasso,31,1000,30264.695351205977,30.264695351205976,30.264695351205976,,0,0.0,0.002522706985473633,0.647,0.353,200,14.934486662043108
S2-knn,31,1000,4.1937224857247495,0.00419372248572475,0.00419372248572475,,0,0.0,0.0025234222412109375,0.824,0.176,200,20.753954279272282
random,32,1000,163960.86713916843,163.96086713916844,138.7609570251231,,61,0.061,0.0036406517028808594,0.525,0.475,200,12.197121356427091
treat_all,32,1000,671840.1372173037,671.8401372173038,541.3224202523792,,586,0.586,0.0021653175354003906,0.0,1.0,200,2.1439523396007845
F,32,1000,83.61015136564467,0.08361015136564467,0.08361015136564467,,0,0.0,0.0023899078369140625,0.926,0.074,200,20.029018655231894
S2-linear,32,1000,66494.68490691103,66.49468490691103,66.49468490691103,,0,0.0,0.002362966537475586,0.634,0.366,200,13.720091897120557
S2-lasso,32,1000,53063.61601143294,53.06361601143294,53.06361601143294,,0,0.0,0.0023508071899414062,0.652,0.348,200,14.934486662043108
S2-knn,32,1000,96.92220818573925,0.09692220818573925,0.09692220818573925,,0,0.0,0.002379179000854492,0.843,0.157,200,20.753954279272282
random,33,1000,177209.83833803388,177.20983833803388,154.0849079333392,,57,0.057,0.0036535263061523438,0.479,0.521,200,12.197121356427091
treat_all,33,1000,660033.4919731212,660.0334919731212,544.7854515022849,,536,0.536,0.0022134780883789062,0.0,1.0,200,2.1439523396007845
F,33,1000,3705.042981808871,3.705042981808871,3.705042981808871,,0,0.0,0.0023937225341796875,0.914,0.086,200,20.029018655231894
S2-linear,33,1000,18954.223687632697,18.954223687632698,18.954223687632698,,0,0.0,0.002348661422729492,0.665,0.335,200,13.720091897120557
S2-lasso,33,1000,10382.499266976945,10.382499266976945,10.382499266976945,,0,0.0,0.002347230911254883,0.685,0.315,200,14.934486662043108
S2-knn,33,1000,1566.847074686588,1.5668470746865881,1.5668470746865881,,0,0.0,0.002365589141845703,0.83,0.17,200,20.753954279272282
random,34,1000,186175.2115291489,186.1752115291489,155.0586606014131,,71,0.071,0.0036852359771728516,0.49,0.51,200,12.197121356427091
treat_all,34,1000,683470.8015417451,683.4708015417451,536.9898898497795,,561,0.561,0.002204418182373047,0.0,1.0,200,2.1439523396007845
F,34,1000,109.73993139307464,0.10973993139307464,0.10973993139307464,,0,0.0,0.002422332763671875,0.925,0.075,200,20.029018655231894
S2-linear,34,1000,17227.051744570254,17.227051744570254,17.227051744570254,,0,0.0,0.0023963451385498047,0.675,0.325,200,13.720091897120557
S2-lasso,34,1000,14544.866795512957,14.544866795512958,14.544866795512958,,0,0.0,0.002402067184448242,0.679,0.321,200,14.934486662043108
S2-knn,34,1000,31.937652599187533,0.03193765259918753,0.03193765259918753,,0,0.0,0.002431631088256836,0.828,0.172,200,20.753954279272282
random,35,1000,211679.68121844664,211.67968121844663,177.4870201576735,,84,0.084,0.0036468505859375,0.501,0.499,200,12.197121356427091
treat_all,35,1000,719390.2213438429,719.3902213438429,583.7650020199632,,585,0.585,0.002213001251220703,0.0,1.0,200,2.1439523396007845
F,35,1000,283.30622534868974,0.2833062253486897,0.2833062253486897,,0,0.0,0.0024290084838867188,0.934,0.066,200,20.029018655231894
S2-linear,35,1000,75295.82284614503,75.29582284614503,75.29582284614503,,0,0.0,0.0024099349975585938,0.636,0.364,200,13.720091897120557
S2-lasso,35,1000,50574.23678718665,50.57423678718665,50.57423678718665,,0,0.0,0.0023903846740722656,0.667,0.333,200,14.934486662043108
S2-knn,35,1000,17.23015985670668,0.01723015985670668,0.01723015985670668,,0,0.0,0.0024518966674804688,0.836,0.164,200,20.753954279272282
random,36,1000,176340.99530203678,176.3409953020368,141.9674269745727,,81,0.081,0.0036385059356689453,0.495,0.505,200,12.197121356427091
treat_all,36,1000,655422.1320642201,655.4221320642201,512.1189410468659,,576,0.576,0.002190828323364258,0.0,1.0,200,2.1439523396007845
F,36,1000,110.53468274949583,0.11053468274949584,0.11053468274949584,,0,0.0,0.002439737319946289,0.918,0.082,200,20.029018655231894
S2-linear,36,1000,36473.695782138006,36.47369578213801,36.47369578213801,,0,0.0,0.0023941993713378906,0.644,0.356,200,13.720091897120557
S2-lasso,36,1000,33004.14975028948,33.00414975028948,33.00414975028948,,0,0.0,0.0024008750915527344,0.648,0.352,200,14.934486662043108
S2-knn,36,1000,1.7588066063515317,0.0017588066063515318,0.0017588066063515318,,0,0.0,0.0024187564849853516,0.836,0.164,200,20.753954279272282
random,37,1000,168398.20212192723,168.39820212192723,149.01149979661682,,47,0.047,0.0037322044372558594,0.494,0.506,200,12.197121356427091
treat_all,37,1000,659595.0593926059,659.5950593926059,512.1166953818778,,541,0.541,0.0022735595703125,0.0,1.0,200,2.1439523396007845
F,37,1000,0.6714431990702088,0.0006714431990702088,0.0006714431990702088,,0,0.0,0.002471923828125,0.932,0.068,200,20.029018655231894
S2-linear,37,1000,43886.49151815857,43.886491518158564,43.886491518158564,,0,0.0,0.0024688243865966797,0.624,0.376,200,13.720091897120557
S2-lasso,37,1000,47893.78255282069,47.89378255282069,47.89378255282069,,0,0.0,0.002441883087158203,0.617,0.383,200,14.934486662043108
S2-knn,37,1000,0.2500318716547387,0.00025003187165473874,0.00025003187165473874,,0,0.0,0.002517223358154297,0.812,0.188,200,20.753954279272282
random,38,1000,179475.65454742947,179.47565454742946,164.52968774428774,,39,0.039,0.003709077835083008,0.492,0.508,200,12.197121356427091
treat_all,38,1000,687507.1655648237,687.5071655648237,570.1662760358926,,531,0.531,0.0023508071899414062,0.0,1.0,200,2.1439523396007845
F,38,1000,4.091362263705437,0.004091362263705437,0.004091362263705437,,0,0.0,0.002488851547241211,0.932,0.068,200,20.029018655231894
S2-linear,38,1000,35818.177795951866,35.81817779595187,35.81817779595187,,0,0.0,0.002450227737426758,0.65,0.35,200,13.720091897120557
S2-lasso,38,1000,22992.735085591947,22.992735085591946,22.992735085591946,,0,0.0,0.0024847984313964844,0.674,0.326,200,14.934486662043108
S2-knn,38,1000,6.628857361695074,0.006628857361695074,0.006628857361695074,,0,0.0,0.0025031566619873047,0.861,0.139,200,20.753954279272282
random,39,1000,169229.7749945002,169.22977499450022,137.96253959722213,,72,0.072,0.0036475658416748047,0.501,0.499,200,12.197121356427091
treat_all,39,1000,661448.6991674976,661.4486991674976,504.38701103410745,,573,0.573,0.002187013626098633,0.0,1.0,200,2.1439523396007845
F,39,1000,783.2313783466343,0.7832313783466343,0.7832313783466343,,0,0.0,0.0023725032806396484,0.923,0.077,200,20.029018655231894
S2-linear,39,1000,53475.45356242551,53.47545356242551,53.47545356242551,,0,0.0,0.002358675003051758,0.614,0.386,200,13.720091897120557
S2-lasso,39,1000,37680.91612599789,37.68091612599789,37.68091612599789,,0,0.0,0.002351522445678711,0.636,0.364,200,14.934486662043108
S2-knn,39,1000,210.36041220715921,0.2103604122071592,0.2103604122071592,,0,0.0,0.0024263858795166016,0.823,0.177,200,20.753954279272282
random,40,1000,170677.64558550096,170.67764558550095,160.23194667280103,,28,0.028,0.0037431716918945312,0.498,0.502,200,12.197121356427091
treat_all,40,1000,669304.3229335042,669.3043229335043,558.5833316393548,,526,0.526,0.002241373062133789,0.0,1.0,200,2.1439523396007845
F,40,1000,1.8233375617865164,0.0018233375617865164,0.0018233375617865164,,0,0.0,0.0024688243865966797,0.915,0.085,200,20.029018655231894
S2-linear,40,1000,52298.537261891535,52.29853726189153,52.29853726189153,,0,0.0,0.0024633407592773438,0.627,0.373,200,13.720091897120557
S2-lasso,40,1000,45497.55763687682,45.49755763687682,45.49755763687682,,0,0.0,0.0024268627166748047,0.638,0.362,200,14.934486662043108
S2-knn,40,1000,1.8233375617865164,0.0018233375617865164,0.0018233375617865164,,0,0.0,0.002460956573486328,0.846,0.154,200,20.753954279272282
random,41,1000,164284.74678042252,164.28474678042252,137.2562618006616,,66,0.066,0.003718852996826172,0.494,0.506,200,12.197121356427091
treat_all,41,1000,658432.1145159635,658.4321145159635,496.3679275328534,,560,0.56,0.0021986961364746094,0.0,1.0,200,2.1439523396007845
F,41,1000,7925.475873023591,7.925475873023591,7.925475873023591,,0,0.0,0.002344369888305664,0.934,0.066,200,20.029018655231894
S2-linear,41,1000,43358.877043975954,43.35887704397595,43.35887704397595,,0,0.0,0.0024504661560058594,0.624,0.376,200,13.720091897120557
S2-lasso,41,1000,31655.105532431087,31.655105532431087,31.655105532431087,,0,0.0,0.0023839473724365234,0.64,0.36,200,14.934486662043108
S2-knn,41,1000,430.82340843264456,0.43082340843264455,0.43082340843264455,,0,0.0,0.0024356842041015625,0.834,0.166,200,20.753954279272282
random,42,1000,161158.82184745598,161.15882184745598,131.89530802108985,,73,0.073,0.0036954879760742188,0.495,0.505,200,12.197121356427091
treat_all,42,1000,628121.7603054844,628.1217603054844,482.0420488562502,,568,0.568,0.002179384231567383,0.0,1.0,200,2.1439523396007845
F,42,1000,0.17058014194916704,0.00017058014194916703,0.00017058014194916703,,0,0.0,0.002440929412841797,0.926,0.074,200,20.029018655231894
S2-linear,42,1000,51838.08476096378,51.83808476096378,51.83808476096378,,0,0.0,0.0023670196533203125,0.619,0.381,200,13.720091897120557
S2-lasso,42,1000,46780.75698762326,46.780756987623256,46.780756987623256,,0,0.0,0.002413034439086914,0.63,0.37,200,14.934486662043108
S2-knn,42,1000,0.17058014194916704,0.00017058014194916703,0.00017058014194916703,,0,0.0,0.002406597137451172,0.82,0.18,200,20.753954279272282
random,43,1000,144682.2079499404,144.68220794994042,137.04685778962246,,20,0.02,0.003712892532348633,0.516,0.484,200,12.197121356427091
treat_all,43,1000,650089.4528559139,650.0894528559139,521.7881337747978,,536,0.536,0.0023148059844970703,0.0,1.0,200,2.1439523396007845
F,43,1000,754.3406824619885,0.7543406824619885,0.7543406824619885,,0,0.0,0.002462148666381836,0.921,0.079,200,20.029018655231894
S2-linear,43,1000,28574.207306028224,28.574207306028224,28.574207306028224,,0,0.0,0.002407073974609375,0.642,0.358,200,13.720091897120557
S2-lasso,43,1000,28068.899266434906,28.068899266434904,28.068899266434904,,0,0.0,0.002495288848876953,0.649,0.351,200,14.934486662043108
S2-knn,43,1000,0.42149523835818403,0.000421495238358184,0.000421495238358184,,0,0.0,0.0024726390838623047,0.826,0.174,200,20.753954279272282
random,44,1000,188096.82582010998,188.09682582010998,149.0128157399098,,93,0.093,0.0037276744842529297,0.478,0.522,200,12.197121356427091
treat_all,44,1000,656346.2267446707,656.3462267446706,515.3877498975257,,571,0.571,0.0022449493408203125,0.0,1.0,200,2.1439523396007845
F,44,1000,305.5417052844651,0.30554170528446506,0.30554170528446506,,0,0.0,0.0024383068084716797,0.93,0.07,200,20.029018655231894
S2-linear,44,1000,46277.472327484196,46.2774723274842,46.2774723274842,,0,0.0,0.0024652481079101562,0.634,0.366,200,13.720091897120557
S2-lasso,44,1000,36572.01127530531,36.572011275305314,36.572011275305314,,0,0.0,0.002395153045654297,0.647,0.353,200,14.934486662043108
S2-knn,44,1000,91.6625009945884,0.0916625009945884,0.0916625009945884,,0,0.0,0.0024449825286865234,0.854,0.146,200,20.753954279272282
random,45,1000,193359.8171383955,193.3598171383955,169.18757389781678,,62,0.062,0.0037305355072021484,0.506,0.494,200,12.197121356427091
treat_all,45,1000,681030.1570345048,681.0301570345048,567.0929941723238,,568,0.568,0.0022034645080566406,0.0,1.0,200,2.1439523396007845
F,45,1000,2059.7198191195157,2.0597198191195156,2.0597198191195156,,0,0.0,0.002360820770263672,0.928,0.072,200,20.029018655231894
S2-linear,45,1000,62888.29111244445,62.88829111244445,62.88829111244445,,0,0.0,0.002408266067504883,0.642,0.358,200,13.720091897120557
S2-lasso,45,1000,55689.53834036481,55.689538340364805,55.689538340364805,,0,0.0,0.002354860305786133,0.65,0.35,200,14.934486662043108
S2-knn,45,1000,1199.1554864514742,1.1991554864514742,1.1991554864514742,,0,0.0,0.002399444580078125,0.828,0.172,200,20.753954279272282
random,46,1000,181582.24055092278,181.5822405509228,158.84949775210072,,58,0.058,0.003671884536743164,0.491,0.509,200,12.197121356427091
treat_all,46,1000,671279.593148928,671.279593148928,538.8508812383515,,549,0.549,0.002251863479614258,0.0,1.0,200,2.1439523396007845
F,46,1000,10340.925224928775,10.340925224928775,10.340925224928775,,0,0.0,0.0023071765899658203,0.923,0.077,200,20.029018655231894
S2-linear,46,1000,39995.58395588725,39.99558395588725,39.99558395588725,,0,0.0,0.0023856163024902344,0.639,0.361,200,13.720091897120557
S2-lasso,46,1000,40160.969593924616,40.16096959392461,40.16096959392461,,0,0.0,0.0024085044860839844,0.64,0.36,200,14.934486662043108
S2-knn,46,1000,1346.5516878117378,1.3465516878117378,1.3465516878117378,,0,0.0,0.002393007278442383,0.841,0.159,200,20.753954279272282
random,47,1000,163453.08406440835,163.45308406440836,150.85479024631348,,32,0.032,0.003786802291870117,0.519,0.481,200,12.197121356427091
treat_all,47,1000,696548.2999153405,696.5482999153405,571.8013698056878,,551,0.551,0.0022919178009033203,0.0,1.0,200,2.1439523396007845
F,47,1000,0.0,0.0,0.0,,0,0.0,0.0024895668029785156,0.924,0.076,200,20.029018655231894
S2-linear,47,1000,32039.711825480066,32.03971182548007,32.03971182548007,,0,0.0,0.002490997314453125,0.661,0.339,200,13.720091897120557
S2-lasso,47,1000,26263.032977536255,26.263032977536255,26.263032977536255,,0,0.0,0.0024483203887939453,0.671,0.329,200,14.934486662043108
S2-knn,47,1000,2.8895210642783713,0.002889521064278371,0.002889521064278371,,0,0.0,0.0025086402893066406,0.839,0.161,200,20.753954279272282
random,48,1000,201298.02220502414,201.29802220502415,157.93213937600706,,106,0.106,0.0037529468536376953,0.482,0.518,200,12.197121356427091
treat_all,48,1000,661248.4627664424,661.2484627664425,524.0444774110958,,588,0.588,0.0021855831146240234,0.0,1.0,200,2.1439523396007845
F,48,1000,0.0,0.0,0.0,,0,0.0,0.0024118423461914062,0.93,0.07,200,20.029018655231894
S2-linear,48,1000,56553.17743023554,56.55317743023554,56.55317743023554,,0,0.0,0.002456188201904297,0.646,0.354,200,13.720091897120557
S2-lasso,48,1000,51560.46765109242,51.56046765109242,51.56046765109242,,0,0.0,0.002398252487182617,0.649,0.351,200,14.934486662043108
S2-knn,48,1000,0.0,0.0,0.0,,0,0.0,0.0024709701538085938,0.836,0.164,200,20.753954279272282
random,49,1000,207039.54740131754,207.03954740131755,174.2120551040729,,74,0.074,0.0037338733673095703,0.461,0.539,200,12.197121356427091
treat_all,49,1000,693161.6909966832,693.1616909966832,542.4560917697717,,535,0.535,0.002240419387817383,0.0,1.0,200,2.1439523396007845
F,49,1000,19.668751509669708,0.019668751509669707,0.019668751509669707,,0,0.0,0.0024836063385009766,0.919,0.081,200,20.029018655231894
S2-linear,49,1000,19296.910653454022,19.296910653454024,19.296910653454024,,0,0.0,0.0024614334106445312,0.643,0.357,200,13.720091897120557
S2-lasso,49,1000,7966.8446593824265,7.966844659382426,7.966844659382426,,0,0.0,0.0024480819702148438,0.663,0.337,200,14.934486662043108
S2-knn,49,1000,5.5979646505115,0.0055979646505115,0.0055979646505115,,0,0.0,0.0024840831756591797,0.836,0.164,200,20.753954279272282
random,0,1000,155757.95225978474,155.75795225978473,143.43631555969924,,31,0.031,0.003828763961791992,0.509,0.491,500,12.197121356427091
treat_all,0,1000,673135.3494917059,673.1353494917059,539.087562761301,,540,0.54,0.0022704601287841797,0.0,1.0,500,2.1439523396007845
F,0,1000,280.8270112179972,0.2808270112179972,0.2808270112179972,,0,0.0,0.002552032470703125,0.912,0.088,500,19.26673598235872
S2-linear,0,1000,32.79859698632929,0.03279859698632929,0.03279859698632929,,0,0.0,0.002544879913330078,0.868,0.132,500,21.26110960188124
S2-lasso,0,1000,86.26831610852247,0.08626831610852247,0.08626831610852247,,0,0.0,0.002524137496948242,0.91,0.09,500,21.97401369455069
S2-knn,0,1000,411.3837327104277,0.4113837327104277,0.4113837327104277,,0,0.0,0.002505779266357422,0.972,0.028,500,21.744300989339788
random,1,1000,175568.02269690303,175.56802269690303,155.98393093991658,,51,0.051,0.003659963607788086,0.49,0.51,500,12.197121356427091
treat_all,1,1000,652576.2500789016,652.5762500789017,528.029542241522,,541,0.541,0.002155303955078125,0.0,1.0,500,2.1439523396007845
F,1,1000,14364.295560009996,14.364295560009996,14.364295560009996,,0,0.0,0.002256631851196289,0.908,0.092,500,19.26673598235872
S2-linear,1,1000,820.3221041885399,0.8203221041885399,0.8203221041885399,,0,0.0,0.0023946762084960938,0.852,0.148,500,21.26110960188124
S2-lasso,1,1000,15457.347743546985,15.457347743546984,15.457347743546984,,0,0.0,0.0022497177124023438,0.91,0.09,500,21.97401369455069
S2-knn,1,1000,45979.58916250996,45.97958916250996,45.97958916250996,,0,0.0,0.002227306365966797,0.97,0.03,500,21.744300989339788
random,2,1000,156071.3360240014,156.0713360240014,145.3442747483556,,26,0.026,0.0037233829498291016,0.503,0.497,500,12.197121356427091
treat_all,2,1000,674199.883425932,674.1998834259321,555.2555265858045,,529,0.529,0.002366781234741211,0.0,1.0,500,2.1439523396007845
F,2,1000,8.016137172813497,0.008016137172813497,0.008016137172813497,,0,0.0,0.00258636474609375,0.914,0.086,500,19.26673598235872
S2-linear,2,1000,12.835918204897785,0.012835918204897784,0.012835918204897784,,0,0.0,0.0024673938751220703,0.855,0.145,500,21.26110960188124
S2-lasso,2,1000,14.87427249408029,0.014874272494080291,0.014874272494080291,,0,0.0,0.0024521350860595703,0.903,0.097,500,21.97401369455069
S2-knn,2,1000,93.11645217387192,0.09311645217387192,0.09311645217387192,,0,0.0,0.002461671829223633,0.966,0.034,500,21.744300989339788
random,3,1000,199224.8263149948,199.2248263149948,170.45900660320055,,70,0.07,0.0036773681640625,0.491,0.509,500,12.197121356427091
treat_all,3,1000,706124.1851311645,706.1241851311645,565.2843797228707,,561,0.561,0.0021462440490722656,0.0,1.0,500,2.1439523396007845
F,3,1000,139.151615914004,0.139151615914004,0.139151615914004,,0,0.0,0.0024559497833251953,0.916,0.084,500,19.26673598235872
S2-linear,3,1000,364.08350072143355,0.36408350072143353,0.36408350072143353,,0,0.0,0.002446889877319336,0.858,0.142,500,21.26110960188124
S2-lasso,3,1000,814.5087283113846,0.8145087283113847,0.8145087283113847,,0,0.0,0.002444028854370117,0.907,0.093,500,21.97401369455069
S2-knn,3,1000,6327.7162640485185,6.327716264048519,6.327716264048519,,0,0.0,0.0023479461669921875,0.975,0.025,500,21.744300989339788
random,4,1000,140511.1536472406,140.5111536472406,124.80569804045048,,40,0.04,0.0036721229553222656,0.504,0.496,500,12.197121356427091
treat_all,4,1000,634025.2931005989,634.0252931005989,481.8191380760083,,544,0.544,0.002135753631591797,0.0,1.0,500,2.1439523396007845
F,4,1000,11.750767505664932,0.011750767505664932,0.011750767505664932,,0,0.0,0.002439260482788086,0.899,0.101,500,19.26673598235872
S2-linear,4,1000,23.443280463497544,0.023443280463497543,0.023443280463497543,,0,0.0,0.002443075180053711,0.854,0.146,500,21.26110960188124
S2-lasso,4,1000,30.230851882029317,0.030230851882029317,0.030230851882029317,,0,0.0,0.0024263858795166016,0.884,0.116,500,21.97401369455069
S2-knn,4,1000,14056.05356335929,14.05605356335929,14.05605356335929,,0,0.0,0.0023283958435058594,0.972,0.028,500,21.744300989339788
random,5,1000,202286.15441116097,202.28615441116096,155.0731153275392,,109,0.109,0.003662109375,0.473,0.527,500,12.197121356427091
treat_all,5,1000,659237.0559170617,659.2370559170618,515.0684284736575,,582,0.582,0.0021064281463623047,0.0,1.0,500,2.1439523396007845
F,5,1000,0.0,0.0,0.0,,0,0.0,0.002446413040161133,0.914,0.086,500,19.26673598235872
S2-linear,5,1000,0.14666228099810663,0.00014666228099810663,0.00014666228099810663,,0,0.0,0.0024404525756835938,0.864,0.136,500,21.26110960188124
S2-lasso,5,1000,0.14666228099810663,0.00014666228099810663,0.00014666228099810663,,0,0.0,0.002433300018310547,0.893,0.107,500,21.97401369455069
S2-knn,5,1000,594.6967889707514,0.5946967889707514,0.5946967889707514,,0,0.0,0.0024170875549316406,0.964,0.036,500,21.744300989339788
random,6,1000,183611.15162593333,183.61115162593333,145.1813996566078,,89,0.089,0.003627300262451172,0.501,0.499,500,12.197121356427091
treat_all,6,1000,681125.5773449021,681.1255773449021,535.2418286906575,,590,0.59,0.002084016799926758,0.0,1.0,500,2.1439523396007845
F,6,1000,21576.960152278138,21.576960152278136,21.576960152278136,,0,0.0,0.002290964126586914,0.927,0.073,500,19.26673598235872
S2-linear,6,1000,5744.278252804794,5.7442782528047935,5.7442782528047935,,0,0.0,0.0023517608642578125,0.858,0.142,500,21.26110960188124
S2-lasso,6,1000,12533.555538880486,12.533555538880487,12.533555538880487,,0,0.0,0.0023272037506103516,0.892,0.108,500,21.97401369455069
S2-knn,6,1000,37158.48871012911,37.15848871012911,37.15848871012911,,0,0.0,0.002240419387817383,0.963,0.037,500,21.744300989339788
random,7,1000,108691.41634121718,108.69141634121718,103.68051186302579,,12,0.012,0.0037360191345214844,0.504,0.496,500,12.197121356427091
treat_all,7,1000,605705.8398794618,605.7058398794618,447.9897775576923,,516,0.516,0.002196788787841797,0.0,1.0,500,2.1439523396007845
F,7,1000,45.76145116177858,0.04576145116177858,0.04576145116177858,,0,0.0,0.0024750232696533203,0.924,0.076,500,19.26673598235872
S2-linear,7,1000,7.106420869414158,0.007106420869414158,0.007106420869414158,,0,0.0,0.0024862289428710938,0.854,0.146,500,21.26110960188124
S2-lasso,7,1000,0.12725346490746814,0.00012725346490746815,0.00012725346490746815,,0,0.0,0.0024824142456054688,0.899,0.101,500,21.97401369455069
S2-knn,7,1000,14.135186563489238,0.014135186563489239,0.014135186563489239,,0,0.0,0.002481698989868164,0.968,0.032,500,21.744300989339788
random,8,1000,125570.38562932872,125.57038562932873,120.07364993705175,,14,0.014,0.003713369369506836,0.532,0.468,500,12.197121356427091
treat_all,8,1000,660508.6603665653,660.5086603665653,529.7907102520498,,546,0.546,0.0021882057189941406,0.0,1.0,500,2.1439523396007845
F,8,1000,1781.3135325572964,1.7813135325572964,1.7813135325572964,,0,0.0,0.0024814605712890625,0.921,0.079,500,19.26673598235872
S2-linear,8,1000,552.7939188789736,0.5527939188789737,0.5527939188789737,,0,0.0,0.002494335174560547,0.87,0.13,500,21.26110960188124
S2-lasso,8,1000,935.2331537888431,0.9352331537888431,0.9352331537888431,,0,0.0,0.002564668655395508,0.9,0.1,500,21.97401369455069
S2-knn,8,1000,3595.788265900773,3.5957882659007727,3.5957882659007727,,0,0.0,0.0023796558380126953,0.977,0.023,500,21.744300989339788
random,9,1000,200851.86227751384,200.85186227751385,165.21960286611585,,85,0.085,0.0036253929138183594,0.502,0.498,500,12.197121356427091
treat_all,9,1000,708966.9393228278,708.9669393228279,576.2333776528698,,587,0.587,0.0020956993103027344,0.0,1.0,500,2.1439523396007845
F,9,1000,3489.3579447268567,3.489357944726857,3.489357944726857,,0,0.0,0.002357959747314453,0.905,0.095,500,19.26673598235872
S2-linear,9,1000,1207.9790269661162,1.2079790269661161,1.2079790269661161,,0,0.0,0.002377748489379883,0.853,0.147,500,21.26110960188124
S2-lasso,9,1000,4140.318752385,4.140318752385,4.140318752385,,0,0.0,0.0023543834686279297,0.902,0.098,500,21.97401369455069
S2-knn,9,1000,14194.142104792483,14.194142104792483,14.194142104792483,,0,0.0,0.002262115478515625,0.97,0.03,500,21.744300989339788
random,10,1000,206420.69620177,206.42069620177,165.7609798124251,,90,0.09,0.003645181655883789,0.483,0.517,500,12.197121356427091
treat_all,10,1000,697476.3386858259,697.4763386858259,545.0819527965328,,573,0.573,0.002087116241455078,0.0,1.0,500,2.1439523396007845
F,10,1000,4.549737405519734,0.004549737405519734,0.004549737405519734,,0,0.0,0.002397775650024414,0.919,0.081,500,19.26673598235872
S2-linear,10,1000,4.549737405519734,0.004549737405519734,0.004549737405519734,,0,0.0,0.0024013519287109375,0.869,0.131,500,21.26110960188124
S2-lasso,10,1000,4.549737405519734,0.004549737405519734,0.004549737405519734,,0,0.0,0.0024170875549316406,0.909,0.091,500,21.97401369455069
S2-knn,10,1000,7236.318430018742,7.236318430018742,7.236318430018742,,0,0.0,0.002338409423828125,0.97,0.03,500,21.744300989339788
random,11,1000,145456.7198686626,145.4567198686626,140.3376311030639,,13,0.013,0.0036797523498535156,0.52,0.48,500,12.197121356427091
treat_all,11,1000,695207.8100719964,695.2078100719964,553.3622306334681,,533,0.533,0.002149343490600586,0.0,1.0,500,2.1439523396007845
F,11,1000,170.62096196778623,0.17062096196778623,0.17062096196778623,,0,0.0,0.0024373531341552734,0.906,0.094,500,19.26673598235872
S2-linear,11,1000,0.822400493561247,0.000822400493561247,0.000822400493561247,,0,0.0,0.002435922622680664,0.857,0.143,500,21.26110960188124
S2-lasso,11,1000,17.05713582222144,0.01705713582222144,0.01705713582222144,,0,0.0,0.002427816390991211,0.902,0.098,500,21.97401369455069
S2-knn,11,1000,5122.262470327929,5.122262470327929,5.122262470327929,,0,0.0,0.0023686885833740234,0.965,0.035,500,21.744300989339788
random,12,1000,154975.90468594158,154.97590468594157,137.5542002340137,,43,0.043,0.0036399364471435547,0.505,0.495,500,12.197121356427091
treat_all,12,1000,653128.7702595042,653.1287702595042,520.7840889297278,,548,0.548,0.0020895004272460938,0.0,1.0,500,2.1439523396007845
F,12,1000,393.69410957306485,0.39369410957306483,0.39369410957306483,,0,0.0,0.0023899078369140625,0.911,0.089,500,19.26673598235872
S2-linear,12,1000,310.1654869086365,0.31016548690863655,0.31016548690863655,,0,0.0,0.0023992061614990234,0.859,0.141,500,21.26110960188124
S2-lasso,12,1000,334.74134142321066,0.33474134142321066,0.33474134142321066,,0,0.0,0.002403736114501953,0.9,0.1,500,21.97401369455069
S2-knn,12,1000,8935.871208647508,8.935871208647509,8.935871208647509,,0,0.0,0.002325296401977539,0.965,0.035,500,21.744300989339788
random,13,1000,193011.8423916673,193.0118423916673,154.24967342391977,,90,0.09,0.0036783218383789062,0.477,0.523,500,12.197121356427091
treat_all,13,1000,663743.1805892583,663.7431805892584,509.5163964689887,,567,0.567,0.002099275588989258,0.0,1.0,500,2.1439523396007845
F,13,1000,40.3805484481809,0.040380548448180904,0.040380548448180904,,0,0.0,0.0024170875549316406,0.907,0.093,500,19.26673598235872
S2-linear,13,1000,69.62124453453502,0.06962124453453503,0.06962124453453503,,0,0.0,0.002421140670776367,0.864,0.136,500,21.26110960188124
S2-lasso,13,1000,72.96759759661066,0.07296759759661066,0.07296759759661066,,0,0.0,0.0024285316467285156,0.91,0.09,500,21.97401369455069
S2-knn,13,1000,722.2761146440995,0.7222761146440995,0.7222761146440995,,0,0.0,0.002383708953857422,0.973,0.027,500,21.744300989339788
random,14,1000,181114.9765548236,181.1149765548236,169.27766107203314,,32,0.032,0.0037298202514648438,0.503,0.497,500,12.197121356427091
treat_all,14,1000,701185.0366679451,701.185036667945,582.108690561215,,535,0.535,0.002161741256713867,0.0,1.0,500,2.1439523396007845
F,14,1000,34.87903352006967,0.03487903352006967,0.03487903352006967,,0,0.0,0.002480030059814453,0.915,0.085,500,19.26673598235872
S2-linear,14,1000,0.8897854654322315,0.0008897854654322314,0.0008897854654322314,,0,0.0,0.002460956573486328,0.855,0.145,500,21.26110960188124
S2-lasso,14,1000,12.247810193089052,0.012247810193089051,0.012247810193089051,,0,0.0,0.0024602413177490234,0.903,0.097,500,21.97401369455069
S2-knn,14,1000,212.66672394214197,0.21266672394214198,0.21266672394214198,,0,0.0,0.002472400665283203,0.972,0.028,500,21.744300989339788
random,15,1000,133436.6992383413,133.4366992383413,131.2387821828777,,6,0.006,0.0036449432373046875,0.523,0.477,500,12.197121356427091
treat_all,15,1000,640730.5898122464,640.7305898122464,520.252610725721,,529,0.529,0.0022656917572021484,0.0,1.0,500,2.1439523396007845
F,15,1000,0.23303619370716966,0.00023303619370716966,0.00023303619370716966,,0,0.0,0.002411365509033203,0.918,0.082,500,19.26673598235872
S2-linear,15,1000,2.09825577719637,0.00209825577719637,0.00209825577719637,,0,0.0,0.002410411834716797,0.85,0.15,500,21.26110960188124
S2-lasso,15,1000,3.22815625200882,0.00322815625200882,0.00322815625200882,,0,0.0,0.002437591552734375,0.896,0.104,500,21.97401369455069
S2-knn,15,1000,1866.3483488597556,1.8663483488597556,1.8663483488597556,,0,0.0,0.002374410629272461,0.974,0.026,500,21.744300989339788
random,16,1000,115539.4442652433,115.5394442652433,111.44243524771342,,10,0.01,0.003718852996826172,0.497,0.503,500,12.197121356427091
treat_all,16,1000,627305.3332147074,627.3053332147074,486.5550606990829,,507,0.507,0.002206563949584961,0.0,1.0,500,2.1439523396007845
F,16,1000,0.0,0.0,0.0,,0,0.0,0.002525806427001953,0.927,0.073,500,19.26673598235872
S2-linear,16,1000,0.5475862649767862,0.0005475862649767861,0.0005475862649767861,,0,0.0,0.002511262893676758,0.872,0.128,500,21.26110960188124
S2-lasso,16,1000,0.5475862649767862,0.0005475862649767861,0.0005475862649767861,,0,0.0,0.0025146007537841797,0.903,0.097,500,21.97401369455069
S2-knn,16,1000,0.0,0.0,0.0,,0,0.0,0.0024847984313964844,0.967,0.033,500,21.744300989339788
random,17,1000,138634.67953500705,138.63467953500705,128.82095030397923,,23,0.023,0.0037403106689453125,0.498,0.502,500,12.197121356427091
treat_all,17,1000,654641.6609505829,654.641660950583,513.0342970106116,,521,0.521,0.0022017955780029297,0.0,1.0,500,2.1439523396007845
F,17,1000,1.0581236661448457,0.0010581236661448457,0.0010581236661448457,,0,0.0,0.0024852752685546875,0.892,0.108,500,19.26673598235872
S2-linear,17,1000,0.0,0.0,0.0,,0,0.0,0.002494335174560547,0.851,0.149,500,21.26110960188124
S2-lasso,17,1000,0.0,0.0,0.0,,0,0.0,0.002513408660888672,0.892,0.108,500,21.97401369455069
S2-knn,17,1000,0.0,0.0,0.0,,0,0.0,0.002511739730834961,0.966,0.034,500,21.744300989339788
random,18,1000,150575.6709708243,150.57567097082432,139.69106715996216,,29,0.029,0.0036737918853759766,0.517,0.483,500,12.197121356427091
treat_all,18,1000,643255.0449234799,643.2550449234799,523.5190602198134,,546,0.546,0.002072572708129883,0.0,1.0,500,2.1439523396007845
F,18,1000,97.08175589721321,0.09708175589721321,0.09708175589721321,,0,0.0,0.0023756027221679688,0.901,0.099,500,19.26673598235872
S2-linear,18,1000,87.80110433862758,0.08780110433862758,0.08780110433862758,,0,0.0,0.002378225326538086,0.847,0.153,500,21.26110960188124
S2-lasso,18,1000,538.2979221823678,0.5382979221823677,0.5382979221823677,,0,0.0,0.002365589141845703,0.901,0.099,500,21.97401369455069
S2-knn,18,1000,4269.4510777107025,4.269451077710703,4.269451077710703,,0,0.0,0.0023224353790283203,0.973,0.027,500,21.744300989339788
random,19,1000,164217.35364486478,164.21735364486477,142.10900801998264,,55,0.055,0.0036563873291015625,0.512,0.488,500,12.197121356427091
treat_all,19,1000,662190.1515407747,662.1901515407748,526.5919794500222,,567,0.567,0.002075672149658203,0.0,1.0,500,2.1439523396007845
F,19,1000,6410.87563386332,6.41087563386332,6.41087563386332,,0,0.0,0.0023355484008789062,0.911,0.089,500,19.26673598235872
S2-linear,19,1000,2713.6729658008308,2.7136729658008307,2.7136729658008307,,0,0.0,0.0023746490478515625,0.851,0.149,500,21.26110960188124
S2-lasso,19,1000,6493.098177003483,6.493098177003483,6.493098177003483,,0,0.0,0.002337932586669922,0.902,0.098,500,21.97401369455069
S2-knn,19,1000,10980.114989644524,10.980114989644523,10.980114989644523,,0,0.0,0.0022835731506347656,0.974,0.026,500,21.744300989339788
random,20,1000,157554.31133060527,157.55431133060526,144.6249275588808,,33,0.033,0.0036728382110595703,0.513,0.487,500,12.197121356427091
treat_all,20,1000,675069.3321700825,675.0693321700825,538.9650010860904,,546,0.546,0.002102375030517578,0.0,1.0,500,2.1439523396007845
F,20,1000,2316.5961050852384,2.3165961050852384,2.3165961050852384,,0,0.0,0.002384662628173828,0.908,0.092,500,19.26673598235872
S2-linear,20,1000,909.8169732282859,0.9098169732282858,0.9098169732282858,,0,0.0,0.002392292022705078,0.862,0.138,500,21.26110960188124
S2-lasso,20,1000,3672.0777112223004,3.6720777112223004,3.6720777112223004,,0,0.0,0.0023393630981445312,0.909,0.091,500,21.97401369455069
S2-knn,20,1000,18764.28902218824,18.76428902218824,18.76428902218824,,0,0.0,0.0022552013397216797,0.961,0.039,500,21.744300989339788
random,21,1000,168864.3400959032,168.8643400959032,134.63726178815966,,79,0.079,0.0036971569061279297,0.511,0.489,500,12.197121356427091
treat_all,21,1000,674803.942607118,674.8039426071181,516.5075588218635,,590,0.59,0.0021483898162841797,0.0,1.0,500,2.1439523396007845
F,21,1000,7692.739319719786,7.692739319719786,7.692739319719786,,0,0.0,0.0023736953735351562,0.919,0.081,500,19.26673598235872
S2-linear,21,1000,876.7422385679611,0.8767422385679611,0.8767422385679611,,0,0.0,0.0024261474609375,0.874,0.126,500,21.26110960188124
S2-lasso,21,1000,3672.64689720977,3.67264689720977,3.67264689720977,,0,0.0,0.002367734909057617,0.911,0.089,500,21.97401369455069
S2-knn,21,1000,15022.947597004793,15.022947597004793,15.022947597004793,,0,0.0,0.0023317337036132812,0.977,0.023,500,21.744300989339788
random,22,1000,152529.9709040734,152.5299709040734,144.70035157410766,,20,0.02,0.003705739974975586,0.499,0.501,500,12.197121356427091
treat_all,22,1000,659762.420008847,659.762420008847,535.1374698444602,,519,0.519,0.002180814743041992,0.0,1.0,500,2.1439523396007845
F,22,1000,243.2070158191337,0.24320701581913368,0.24320701581913368,,0,0.0,0.002495288848876953,0.907,0.093,500,19.26673598235872
S2-linear,22,1000,104.3264224155087,0.1043264224155087,0.1043264224155087,,0,0.0,0.0024995803833007812,0.847,0.153,500,21.26110960188124
S2-lasso,22,1000,108.7757471533302,0.1087757471533302,0.1087757471533302,,0,0.0,0.0025000572204589844,0.885,0.115,500,21.97401369455069
S2-knn,22,1000,468.6199771179579,0.4686199771179579,0.4686199771179579,,0,0.0,0.0025091171264648438,0.967,0.033,500,21.744300989339788
random,23,1000,190806.98285930505,190.80698285930504,162.0189928687938,,73,0.073,0.0037012100219726562,0.49,0.51,500,12.197121356427091
treat_all,23,1000,656915.0836398492,656.9150836398492,533.3156163605244,,563,0.563,0.0021407604217529297,0.0,1.0,500,2.1439523396007845
F,23,1000,42.65453721409236,0.042654537214092354,0.042654537214092354,,0,0.0,0.002409219741821289,0.915,0.085,500,19.26673598235872
S2-linear,23,1000,0.0,0.0,0.0,,0,0.0,0.002411365509033203,0.853,0.147,500,21.26110960188124
S2-lasso,23,1000,37.60329327624098,0.037603293276240984,0.037603293276240984,,0,0.0,0.0024018287658691406,0.884,0.116,500,21.97401369455069
S2-knn,23,1000,2580.5806455913794,2.5805806455913793,2.5805806455913793,,0,0.0,0.0023818016052246094,0.958,0.042,500,21.744300989339788
random,24,1000,130814.27291457176,130.81427291457177,115.07105855025452,,38,0.038,0.0037488937377929688,0.517,0.483,500,12.197121356427091
treat_all,24,1000,636525.8550032843,636.5258550032843,477.13891088568363,,555,0.555,0.0021796226501464844,0.0,1.0,500,2.1439523396007845
F,24,1000,11.437191020929191,0.011437191020929192,0.011437191020929192,,0,0.0,0.002480745315551758,0.902,0.098,500,19.26673598235872
S2-linear,24,1000,5.583080851372892,0.005583080851372892,0.005583080851372892,,0,0.0,0.0024673938751220703,0.874,0.126,500,21.26110960188124
S2-lasso,24,1000,5.583080851372892,0.005583080851372892,0.005583080851372892,,0,0.0,0.0024497509002685547,0.91,0.09,500,21.97401369455069
S2-knn,24,1000,8.65348656200354,0.00865348656200354,0.00865348656200354,,0,0.0,0.002463102340698242,0.972,0.028,500,21.744300989339788
random,25,1000,152507.65953852548,152.50765953852547,137.37855701522835,,37,0.037,0.0037963390350341797,0.502,0.498,500,12.197121356427091
treat_all,25,1000,661410.8790656582,661.4108790656582,531.2715320990304,,539,0.539,0.0022406578063964844,0.0,1.0,500,2.1439523396007845
F,25,1000,7.9102462965079505,0.007910246296507951,0.007910246296507951,,0,0.0,0.002501249313354492,0.926,0.074,500,19.26673598235872
S2-linear,25,1000,9.04713502229724,0.00904713502229724,0.00904713502229724,,0,0.0,0.0024814605712890625,0.848,0.152,500,21.26110960188124
S2-lasso,25,1000,27.865351130410527,0.027865351130410526,0.027865351130410526,,0,0.0,0.0024776458740234375,0.892,0.108,500,21.97401369455069
S2-knn,25,1000,24.172756035073284,0.024172756035073285,0.024172756035073285,,0,0.0,0.0024852752685546875,0.958,0.042,500,21.744300989339788
random,26,1000,165523.67181149215,165.52367181149216,140.6609732378957,,61,0.061,0.0037627220153808594,0.502,0.498,500,12.197121356427091
treat_all,26,1000,674949.4290790542,674.9494290790542,531.3433560344413,,563,0.563,0.002190828323364258,0.0,1.0,500,2.1439523396007845
F,26,1000,14.680240231240257,0.014680240231240257,0.014680240231240257,,0,0.0,0.0025091171264648438,0.905,0.095,500,19.26673598235872
S2-linear,26,1000,20.96334524980643,0.02096334524980643,0.02096334524980643,,0,0.0,0.002500295639038086,0.846,0.154,500,21.26110960188124
S2-lasso,26,1000,33.40108828035919,0.03340108828035919,0.03340108828035919,,0,0.0,0.0025234222412109375,0.883,0.117,500,21.97401369455069
S2-knn,26,1000,97.4260182804841,0.0974260182804841,0.0974260182804841,,0,0.0,0.0026121139526367188,0.975,0.025,500,21.744300989339788
random,27,1000,160033.67777798805,160.03367777798806,143.94971141288735,,43,0.043,0.004129886627197266,0.508,0.492,500,12.197121356427091
treat_all,27,1000,638131.8086145602,638.1318086145602,525.6103169843637,,551,0.551,0.0022013187408447266,0.0,1.0,500,2.1439523396007845
F,27,1000,116.74260147939083,0.11674260147939083,0.11674260147939083,,0,0.0,0.0024476051330566406,0.921,0.079,500,19.26673598235872
S2-linear,27,1000,29.067305022754436,0.029067305022754435,0.029067305022754435,,0,0.0,0.002451181411743164,0.859,0.141,500,21.26110960188124
S2-lasso,27,1000,7.83729346546434,0.00783729346546434,0.00783729346546434,,0,0.0,0.0024547576904296875,0.891,0.109,500,21.97401369455069
S2-knn,27,1000,16185.268879394189,16.18526887939419,16.18526887939419,,0,0.0,0.0023250579833984375,0.971,0.029,500,21.744300989339788
random,28,1000,132999.00963457677,132.99900963457677,118.18605193848802,,35,0.035,0.0038268566131591797,0.505,0.495,500,12.197121356427091
treat_all,28,1000,625491.955515659,625.4919555156589,492.17443693359183,,540,0.54,0.0022323131561279297,0.0,1.0,500,2.1439523396007845
F,28,1000,20.156010747452456,0.020156010747452456,0.020156010747452456,,0,0.0,0.002521991729736328,0.915,0.085,500,19.26673598235872
S2-linear,28,1000,4.840629505685204,0.004840629505685204,0.004840629505685204,,0,0.0,0.002521991729736328,0.851,0.149,500,21.26110960188124
S2-lasso,28,1000,6.499843594011711,0.006499843594011711,0.006499843594011711,,0,0.0,0.00250244140625,0.884,0.116,500,21.97401369455069
S2-knn,28,1000,705.7283513050668,0.7057283513050667,0.7057283513050667,,0,0.0,0.002470254898071289,0.973,0.027,500,21.744300989339788
random,29,1000,149924.5959144163,149.9245959144163,137.1728245329919,,32,0.032,0.0037860870361328125,0.502,0.498,500,12.197121356427091
treat_all,29,1000,657012.8947596569,657.0128947596569,522.9335388446306,,534,0.534,0.002222299575805664,0.0,1.0,500,2.1439523396007845
F,29,1000,109.14018769283507,0.10914018769283507,0.10914018769283507,,0,0.0,0.0024831295013427734,0.925,0.075,500,19.26673598235872
S2-linear,29,1000,8.89133306295475,0.00889133306295475,0.00889133306295475,,0,0.0,0.002493143081665039,0.847,0.153,500,21.26110960188124
S2-lasso,29,1000,127.62675884096782,0.12762675884096783,0.12762675884096783,,0,0.0,0.0024759769439697266,0.894,0.106,500,21.97401369455069
S2-knn,29,1000,777.5104957559266,0.7775104957559267,0.7775104957559267,,0,0.0,0.0024585723876953125,0.971,0.029,500,21.744300989339788
random,30,1000,205106.003648475,205.106003648475,166.68272096163813,,92,0.092,0.003816366195678711,0.463,0.537,500,12.197121356427091
treat_all,30,1000,676222.5346690957,676.2225346690957,535.8888521099898,,555,0.555,0.0022542476654052734,0.0,1.0,500,2.1439523396007845
F,30,1000,0.0,0.0,0.0,,0,0.0,0.0025069713592529297,0.903,0.097,500,19.26673598235872
S2-linear,30,1000,0.0,0.0,0.0,,0,0.0,0.0024945735931396484,0.88,0.12,500,21.26110960188124
S2-lasso,30,1000,0.0,0.0,0.0,,0,0.0,0.0024673938751220703,0.914,0.086,500,21.97401369455069
S2-knn,30,1000,0.0,0.0,0.0,,0,0.0,0.0024607181549072266,0.978,0.022,500,21.744300989339788
random,31,1000,144789.57783850894,144.78957783850893,144.78957783850893,,0,0.0,0.003815889358520508,0.508,0.492,500,12.197121356427091
treat_all,31,1000,683371.048151608,683.371048151608,564.7310287444255,,505,0.505,0.0022346973419189453,0.0,1.0,500,2.1439523396007845
F,31,1000,16.676686660737275,0.016676686660737274,0.016676686660737274,,0,0.0,0.002528667449951172,0.888,0.112,500,19.26673598235872
S2-linear,31,1000,9.795707543647838,0.009795707543647838,0.009795707543647838,,0,0.0,0.0025098323822021484,0.859,0.141,500,21.26110960188124
S2-lasso,31,1000,12.437826143796869,0.01243782614379687,0.01243782614379687,,0,0.0,0.0025014877319335938,0.889,0.111,500,21.97401369455069
S2-knn,31,1000,154.07870143741584,0.15407870143741584,0.15407870143741584,,0,0.0,0.0025038719177246094,0.964,0.036,500,21.744300989339788
random,32,1000,163960.86713916843,163.96086713916844,138.7609570251231,,61,0.061,0.003671884536743164,0.525,0.475,500,12.197121356427091
treat_all,32,1000,671840.1372173037,671.8401372173038,541.3224202523792,,586,0.586,0.002137899398803711,0.0,1.0,500,2.1439523396007845
F,32,1000,143.6355232783455,0.1436355232783455,0.1436355232783455,,0,0.0,0.002422332763671875,0.926,0.074,500,19.26673598235872
S2-linear,32,1000,195.68934372562092,0.1956893437256209,0.1956893437256209,,0,0.0,0.002419710159301758,0.849,0.151,500,21.26110960188124
S2-lasso,32,1000,166.32818682058098,0.16632818682058098,0.16632818682058098,,0,0.0,0.002409219741821289,0.913,0.087,500,21.97401369455069
S2-knn,32,1000,292.8753497825366,0.2928753497825366,0.2928753497825366,,0,0.0,0.002445220947265625,0.973,0.027,500,21.744300989339788
random,33,1000,177209.83833803388,177.20983833803388,154.0849079333392,,57,0.057,0.0037734508514404297,0.479,0.521,500,12.197121356427091
treat_all,33,1000,660033.4919731212,660.0334919731212,544.7854515022849,,536,0.536,0.0021085739135742188,0.0,1.0,500,2.1439523396007845
F,33,1000,4291.134124677128,4.291134124677128,4.291134124677128,,0,0.0,0.002368927001953125,0.901,0.099,500,19.26673598235872
S2-linear,33,1000,2500.687913162401,2.500687913162401,2.500687913162401,,0,0.0,0.0023605823516845703,0.855,0.145,500,21.26110960188124
S2-lasso,33,1000,3351.1811754108385,3.3511811754108383,3.3511811754108383,,0,0.0,0.0024344921112060547,0.899,0.101,500,21.97401369455069
S2-knn,33,1000,11424.985338698352,11.424985338698352,11.424985338698352,,0,0.0,0.002251863479614258,0.972,0.028,500,21.744300989339788
random,34,1000,186175.2115291489,186.1752115291489,155.0586606014131,,71,0.071,0.0036787986755371094,0.49,0.51,500,12.197121356427091
treat_all,34,1000,683470.8015417451,683.4708015417451,536.9898898497795,,561,0.561,0.0021469593048095703,0.0,1.0,500,2.1439523396007845
F,34,1000,36.18227234591603,0.03618227234591603,0.03618227234591603,,0,0.0,0.002451658248901367,0.897,0.103,500,19.26673598235872
S2-linear,34,1000,30.569250437117095,0.030569250437117095,0.030569250437117095,,0,0.0,0.0024576187133789062,0.874,0.126,500,21.26110960188124
S2-lasso,34,1000,45.46578358834813,0.04546578358834813,0.04546578358834813,,0,0.0,0.0024590492248535156,0.908,0.092,500,21.97401369455069
S2-knn,34,1000,2224.003237152476,2.2240032371524756,2.2240032371524756,,0,0.0,0.002416849136352539,0.975,0.025,500,21.744300989339788
random,35,1000,211679.68121844664,211.67968121844663,177.4870201576735,,84,0.084,0.0036695003509521484,0.501,0.499,500,12.197121356427091
treat_all,35,1000,719390.2213438429,719.3902213438429,583.7650020199632,,585,0.585,0.0021414756774902344,0.0,1.0,500,2.1439523396007845
F,35,1000,646.2140197814701,0.6462140197814702,0.6462140197814702,,0,0.0,0.002428770065307617,0.927,0.073,500,19.26673598235872
S2-linear,35,1000,9.370838182170136,0.009370838182170136,0.009370838182170136,,0,0.0,0.002454519271850586,0.858,0.142,500,21.26110960188124
S2-lasso,35,1000,76.41522003972621,0.07641522003972621,0.07641522003972621,,0,0.0,0.002427339553833008,0.904,0.096,500,21.97401369455069
S2-knn,35,1000,2904.2700078521093,2.904270007852109,2.904270007852109,,0,0.0,0.002358675003051758,0.972,0.028,500,21.744300989339788
random,36,1000,176340.99530203678,176.3409953020368,141.9674269745727,,81,0.081,0.003618001937866211,0.495,0.505,500,12.197121356427091
treat_all,36,1000,655422.1320642201,655.4221320642201,512.1189410468659,,576,0.576,0.0021085739135742188,0.0,1.0,500,2.1439523396007845
F,36,1000,76.95002919719894,0.07695002919719894,0.07695002919719894,,0,0.0,0.0024061203002929688,0.906,0.094,500,19.26673598235872
S2-linear,36,1000,4.191493159690219,0.004191493159690219,0.004191493159690219,,0,0.0,0.0024085044860839844,0.874,0.126,500,21.26110960188124
S2-lasso,36,1000,128.0034587163658,0.1280034587163658,0.1280034587163658,,0,0.0,0.0024013519287109375,0.907,0.093,500,21.97401369455069
S2-knn,36,1000,1253.3495489723166,1.2533495489723165,1.2533495489723165,,0,0.0,0.0023658275604248047,0.972,0.028,500,21.744300989339788
random,37,1000,168398.20212192723,168.39820212192723,149.01149979661682,,47,0.047,0.0037233829498291016,0.494,0.506,500,12.197121356427091
treat_all,37,1000,659595.0593926059,659.5950593926059,512.1166953818778,,541,0.541,0.0021550655364990234,0.0,1.0,500,2.1439523396007845
F,37,1000,0.7926341258136858,0.0007926341258136857,0.0007926341258136857,,0,0.0,0.0024840831756591797,0.92,0.08,500,19.26673598235872
S2-linear,37,1000,0.7421386467592828,0.0007421386467592828,0.0007421386467592828,,0,0.0,0.0024895668029785156,0.854,0.146,500,21.26110960188124
S2-lasso,37,1000,2.0334877446424993,0.002033487744642499,0.002033487744642499,,0,0.0,0.0024764537811279297,0.907,0.093,500,21.97401369455069
S2-knn,37,1000,2.0334877446424993,0.002033487744642499,0.002033487744642499,,0,0.0,0.002468109130859375,0.971,0.029,500,21.744300989339788
random,38,1000,179475.65454742947,179.47565454742946,164.52968774428774,,39,0.039,0.0036890506744384766,0.492,0.508,500,12.197121356427091
treat_all,38,1000,687507.1655648237,687.5071655648237,570.1662760358926,,531,0.531,0.002154827117919922,0.0,1.0,500,2.1439523396007845
F,38,1000,0.09091363166223074,9.091363166223074e-05,9.091363166223074e-05,,0,0.0,0.0024766921997070312,0.909,0.091,500,19.26673598235872
S2-linear,38,1000,23.987770632802395,0.023987770632802396,0.023987770632802396,,0,0.0,0.0024657249450683594,0.859,0.141,500,21.26110960188124
S2-lasso,38,1000,12.912452594515127,0.012912452594515128,0.012912452594515128,,0,0.0,0.002475261688232422,0.897,0.103,500,21.97401369455069
S2-knn,38,1000,2.265115265099886,0.002265115265099886,0.002265115265099886,,0,0.0,0.002468109130859375,0.97,0.03,500,21.744300989339788
random,39,1000,169229.7749945002,169.22977499450022,137.96253959722213,,72,0.072,0.0036308765411376953,0.501,0.499,500,12.197121356427091
treat_all,39,1000,661448.6991674976,661.4486991674976,504.38701103410745,,573,0.573,0.002213716506958008,0.0,1.0,500,2.1439523396007845
F,39,1000,960.6424400991501,0.9606424400991501,0.9606424400991501,,0,0.0,0.002373933792114258,0.915,0.085,500,19.26673598235872
S2-linear,39,1000,373.23379826597636,0.37323379826597636,0.37323379826597636,,0,0.0,0.0023756027221679688,0.862,0.138,500,21.26110960188124
S2-lasso,39,1000,496.2584600249633,0.4962584600249633,0.4962584600249633,,0,0.0,0.0023941993713378906,0.887,0.113,500,21.97401369455069
S2-knn,39,1000,1386.4905861580214,1.3864905861580215,1.3864905861580215,,0,0.0,0.0023698806762695312,0.965,0.035,500,21.744300989339788
random,40,1000,170677.64558550096,170.67764558550095,160.23194667280103,,28,0.028,0.0037107467651367188,0.498,0.502,500,12.197121356427091
treat_all,40,1000,669304.3229335042,669.3043229335043,558.5833316393548,,526,0.526,0.002146005630493164,0.0,1.0,500,2.1439523396007845
F,40,1000,0.12816384559896488,0.00012816384559896489,0.00012816384559896489,,0,0.0,0.0024809837341308594,0.898,0.102,500,19.26673598235872
S2-linear,40,1000,0.5878994102911586,0.0005878994102911586,0.0005878994102911586,,0,0.0,0.002460002899169922,0.857,0.143,500,21.26110960188124
S2-lasso,40,1000,0.5878994102911586,0.0005878994102911586,0.0005878994102911586,,0,0.0,0.0024688243865966797,0.912,0.088,500,21.97401369455069
S2-knn,40,1000,0.5878994102911586,0.0005878994102911586,0.0005878994102911586,,0,0.0,0.002443552017211914,0.974,0.026,500,21.744300989339788
random,41,1000,164284.74678042252,164.28474678042252,137.2562618006616,,66,0.066,0.003657102584838867,0.494,0.506,500,12.197121356427091
treat_all,41,1000,658432.1145159635,658.4321145159635,496.3679275328534,,560,0.56,0.0020856857299804688,0.0,1.0,500,2.1439523396007845
F,41,1000,2596.5862353852053,2.5965862353852054,2.5965862353852054,,0,0.0,0.0023298263549804688,0.904,0.096,500,19.26673598235872
S2-linear,41,1000,610.664244241583,0.6106642442415829,0.6106642442415829,,0,0.0,0.0023813247680664062,0.854,0.146,500,21.26110960188124
S2-lasso,41,1000,1927.7147634828214,1.9277147634828213,1.9277147634828213,,0,0.0,0.0023436546325683594,0.895,0.105,500,21.97401369455069
S2-knn,41,1000,20122.115713375137,20.122115713375138,20.122115713375138,,0,0.0,0.0022606849670410156,0.962,0.038,500,21.744300989339788
random,42,1000,161158.82184745598,161.15882184745598,131.89530802108985,,73,0.073,0.0035958290100097656,0.495,0.505,500,12.197121356427091
treat_all,42,1000,628121.7603054844,628.1217603054844,482.0420488562502,,568,0.568,0.0020761489868164062,0.0,1.0,500,2.1439523396007845
F,42,1000,0.4228144584745033,0.0004228144584745033,0.0004228144584745033,,0,0.0,0.0023877620697021484,0.913,0.087,500,19.26673598235872
S2-linear,42,1000,0.17058014194916704,0.00017058014194916703,0.00017058014194916703,,0,0.0,0.002389192581176758,0.863,0.137,500,21.26110960188124
S2-lasso,42,1000,0.17058014194916704,0.00017058014194916703,0.00017058014194916703,,0,0.0,0.0023849010467529297,0.9,0.1,500,21.97401369455069
S2-knn,42,1000,58.35631256200899,0.05835631256200899,0.05835631256200899,,0,0.0,0.0024073123931884766,0.973,0.027,500,21.744300989339788
random,43,1000,144682.2079499404,144.68220794994042,137.04685778962246,,20,0.02,0.0036728382110595703,0.516,0.484,500,12.197121356427091
treat_all,43,1000,650089.4528559139,650.0894528559139,521.7881337747978,,536,0.536,0.0021352767944335938,0.0,1.0,500,2.1439523396007845
F,43,1000,1323.7155632547156,1.3237155632547155,1.3237155632547155,,0,0.0,0.002398967742919922,0.918,0.082,500,19.26673598235872
S2-linear,43,1000,9.297121810576604,0.009297121810576604,0.009297121810576604,,0,0.0,0.002441883087158203,0.855,0.145,500,21.26110960188124
S2-lasso,43,1000,57.84544430027793,0.05784544430027793,0.05784544430027793,,0,0.0,0.002444028854370117,0.891,0.109,500,21.97401369455069
S2-knn,43,1000,2247.695959599777,2.2476959595997767,2.2476959595997767,,0,0.0,0.0023946762084960938,0.97,0.03,500,21.744300989339788
random,44,1000,188096.82582010998,188.09682582010998,149.0128157399098,,93,0.093,0.0036542415618896484,0.478,0.522,500,12.197121356427091
treat_all,44,1000,656346.2267446707,656.3462267446706,515.3877498975257,,571,0.571,0.0021355152130126953,0.0,1.0,500,2.1439523396007845
F,44,1000,320.01238253175757,0.32001238253175757,0.32001238253175757,,0,0.0,0.0024416446685791016,0.92,0.08,500,19.26673598235872
S2-linear,44,1000,315.1581079983679,0.3151581079983679,0.3151581079983679,,0,0.0,0.0024178028106689453,0.889,0.111,500,21.26110960188124
S2-lasso,44,1000,312.9533531897801,0.3129533531897801,0.3129533531897801,,0,0.0,0.0024170875549316406,0.915,0.085,500,21.97401369455069
S2-knn,44,1000,400.0009596604708,0.40000095966047083,0.40000095966047083,,0,0.0,0.0024008750915527344,0.971,0.029,500,21.744300989339788
random,45,1000,193359.8171383955,193.3598171383955,169.18757389781678,,62,0.062,0.0036163330078125,0.506,0.494,500,12.197121356427091
treat_all,45,1000,681030.1570345048,681.0301570345048,567.0929941723238,,568,0.568,0.002071857452392578,0.0,1.0,500,2.1439523396007845
F,45,1000,3548.528277603637,3.548528277603637,3.548528277603637,,0,0.0,0.0023415088653564453,0.917,0.083,500,19.26673598235872
S2-linear,45,1000,692.824199389265,0.692824199389265,0.692824199389265,,0,0.0,0.0023965835571289062,0.854,0.146,500,21.26110960188124
S2-lasso,45,1000,1159.1250869011424,1.1591250869011425,1.1591250869011425,,0,0.0,0.0023488998413085938,0.898,0.102,500,21.97401369455069
S2-knn,45,1000,7620.8922059044335,7.6208922059044335,7.6208922059044335,,0,0.0,0.002244234085083008,0.963,0.037,500,21.744300989339788
random,46,1000,181582.24055092278,181.5822405509228,158.84949775210072,,58,0.058,0.003664731979370117,0.491,0.509,500,12.197121356427091
treat_all,46,1000,671279.593148928,671.279593148928,538.8508812383515,,549,0.549,0.0021278858184814453,0.0,1.0,500,2.1439523396007845
F,46,1000,5911.7156153224,5.911715615322399,5.911715615322399,,0,0.0,0.0024690628051757812,0.909,0.091,500,19.26673598235872
S2-linear,46,1000,1434.1147362131128,1.4341147362131128,1.4341147362131128,,0,0.0,0.002587556838989258,0.866,0.134,500,21.26110960188124
S2-lasso,46,1000,3353.1347173756667,3.3531347173756667,3.3531347173756667,,0,0.0,0.0023665428161621094,0.906,0.094,500,21.97401369455069
S2-knn,46,1000,27300.017764778255,27.300017764778254,27.300017764778254,,0,0.0,0.0022895336151123047,0.973,0.027,500,21.744300989339788
random,47,1000,163453.08406440835,163.45308406440836,150.85479024631348,,32,0.032,0.0037202835083007812,0.519,0.481,500,12.197121356427091
treat_all,47,1000,696548.2999153405,696.5482999153405,571.8013698056878,,551,0.551,0.0021932125091552734,0.0,1.0,500,2.1439523396007845
F,47,1000,0.0,0.0,0.0,,0,0.0,0.002501249313354492,0.911,0.089,500,19.26673598235872
S2-linear,47,1000,2.773078965180318,0.0027730789651803176,0.0027730789651803176,,0,0.0,0.0024919509887695312,0.859,0.141,500,21.26110960188124
S2-lasso,47,1000,11.557804966769746,0.011557804966769746,0.011557804966769746,,0,0.0,0.002510547637939453,0.913,0.087,500,21.97401369455069
S2-knn,47,1000,1.820549810374196,0.001820549810374196,0.001820549810374196,,0,0.0,0.0024840831756591797,0.968,0.032,500,21.744300989339788
random,48,1000,201298.02220502414,201.29802220502415,157.93213937600706,,106,0.106,0.0036268234252929688,0.482,0.518,500,12.197121356427091
treat_all,48,1000,661248.4627664424,661.2484627664425,524.0444774110958,,588,0.588,0.0020761489868164062,0.0,1.0,500,2.1439523396007845
F,48,1000,0.0,0.0,0.0,,0,0.0,0.0024025440216064453,0.908,0.092,500,19.26673598235872
S2-linear,48,1000,0.0,0.0,0.0,,0,0.0,0.0024254322052001953,0.856,0.144,500,21.26110960188124
S2-lasso,48,1000,0.0,0.0,0.0,,0,0.0,0.002391815185546875,0.893,0.107,500,21.97401369455069
S2-knn,48,1000,2492.284981994973,2.492284981994973,2.492284981994973,,0,0.0,0.002350330352783203,0.968,0.032,500,21.744300989339788
random,49,1000,207039.54740131754,207.03954740131755,174.2120551040729,,74,0.074,0.0037250518798828125,0.461,0.539,500,12.197121356427091
treat_all,49,1000,693161.6909966832,693.1616909966832,542.4560917697717,,535,0.535,0.0021550655364990234,0.0,1.0,500,2.1439523396007845
F,49,1000,5.989186938009652,0.005989186938009652,0.005989186938009652,,0,0.0,0.002490520477294922,0.903,0.097,500,19.26673598235872
S2-linear,49,1000,8.006034900067565,0.008006034900067564,0.008006034900067564,,0,0.0,0.0025069713592529297,0.884,0.116,500,21.26110960188124
S2-lasso,49,1000,5.5979646505115,0.0055979646505115,0.0055979646505115,,0,0.0,0.0024840831756591797,0.902,0.098,500,21.97401369455069
S2-knn,49,1000,158.7780289854855,0.1587780289854855,0.1587780289854855,,0,0.0,0.0024938583374023438,0.97,0.03,500,21.744300989339788
random,0,1000,155757.95225978474,155.75795225978473,143.43631555969924,,31,0.031,0.0037441253662109375,0.509,0.491,1000,12.197121356427091
treat_all,0,1000,673135.3494917059,673.1353494917059,539.087562761301,,540,0.54,0.002240896224975586,0.0,1.0,1000,2.1439523396007845
F,0,1000,255.75517661765397,0.25575517661765396,0.25575517661765396,,0,0.0,0.0025005340576171875,0.916,0.084,1000,18.009071241715084
S2-linear,0,1000,172.04171349210446,0.17204171349210445,0.17204171349210445,,0,0.0,0.0024526119232177734,0.89,0.11,1000,22.01339260454732
S2-lasso,0,1000,283.97708435196745,0.28397708435196745,0.28397708435196745,,0,0.0,0.0024569034576416016,0.928,0.072,1000,21.785068820391967
S2-knn,0,1000,312.5411514264913,0.3125411514264913,0.3125411514264913,,0,0.0,0.0024764537811279297,0.947,0.053,1000,21.835988469139718
random,1,1000,175568.02269690303,175.56802269690303,155.98393093991658,,51,0.051,0.0035974979400634766,0.49,0.51,1000,12.197121356427091
treat_all,1,1000,652576.2500789016,652.5762500789017,528.029542241522,,541,0.541,0.002128124237060547,0.0,1.0,1000,2.1439523396007845
F,1,1000,13032.209074932322,13.032209074932322,13.032209074932322,,0,0.0,0.0022399425506591797,0.914,0.086,1000,18.009071241715084
S2-linear,1,1000,4514.891767356146,4.514891767356146,4.514891767356146,,0,0.0,0.0023238658905029297,0.885,0.115,1000,22.01339260454732
S2-lasso,1,1000,18128.012822161367,18.128012822161367,18.128012822161367,,0,0.0,0.0022432804107666016,0.921,0.079,1000,21.785068820391967
S2-knn,1,1000,24212.678083505853,24.212678083505853,24.212678083505853,,0,0.0,0.0022346973419189453,0.935,0.065,1000,21.835988469139718
random,2,1000,156071.3360240014,156.0713360240014,145.3442747483556,,26,0.026,0.003671407699584961,0.503,0.497,1000,12.197121356427091
treat_all,2,1000,674199.883425932,674.1998834259321,555.2555265858045,,529,0.529,0.002207517623901367,0.0,1.0,1000,2.1439523396007845
F,2,1000,8.658734265258897,0.008658734265258896,0.008658734265258896,,0,0.0,0.0025119781494140625,0.917,0.083,1000,18.009071241715084
S2-linear,2,1000,11.083395357823639,0.011083395357823638,0.011083395357823638,,0,0.0,0.0025177001953125,0.876,0.124,1000,22.01339260454732
S2-lasso,2,1000,9.959676251431732,0.009959676251431732,0.009959676251431732,,0,0.0,0.0024874210357666016,0.917,0.083,1000,21.785068820391967
S2-knn,2,1000,10.129798345517033,0.010129798345517032,0.010129798345517032,,0,0.0,0.0026121139526367188,0.932,0.068,1000,21.835988469139718
random,3,1000,199224.8263149948,199.2248263149948,170.45900660320055,,70,0.07,0.003849029541015625,0.491,0.509,1000,12.197121356427091
treat_all,3,1000,706124.1851311645,706.1241851311645,565.2843797228707,,561,0.561,0.0022771358489990234,0.0,1.0,1000,2.1439523396007845
F,3,1000,263.7233082255135,0.2637233082255135,0.2637233082255135,,0,0.0,0.0024366378784179688,0.92,0.08,1000,18.009071241715084
S2-linear,3,1000,530.9709154637335,0.5309709154637335,0.5309709154637335,,0,0.0,0.002440214157104492,0.884,0.116,1000,22.01339260454732
S2-lasso,3,1000,826.5614200372931,0.8265614200372932,0.8265614200372932,,0,0.0,0.002446413040161133,0.915,0.085,1000,21.785068820391967
S2-knn,3,1000,1532.644607677918,1.5326446076779179,1.5326446076779179,,0,0.0,0.0024137496948242188,0.943,0.057,1000,21.835988469139718
random,4,1000,140511.1536472406,140.5111536472406,124.80569804045048,,40,0.04,0.003643512725830078,0.504,0.496,1000,12.197121356427091
treat_all,4,1000,634025.2931005989,634.0252931005989,481.8191380760083,,544,0.544,0.0022094249725341797,0.0,1.0,1000,2.1439523396007845
F,4,1000,1271.5900753979415,1.2715900753979414,1.2715900753979414,,0,0.0,0.0023877620697021484,0.932,0.068,1000,18.009071241715084
S2-linear,4,1000,33.616625525259536,0.033616625525259534,0.033616625525259534,,0,0.0,0.0024073123931884766,0.868,0.132,1000,22.01339260454732
S2-lasso,4,1000,53.387727132717515,0.05338772713271751,0.05338772713271751,,0,0.0,0.0024073123931884766,0.906,0.094,1000,21.785068820391967
S2-knn,4,1000,3486.6038285626905,3.4866038285626906,3.4866038285626906,,0,0.0,0.0023488998413085938,0.947,0.053,1000,21.835988469139718
random,5,1000,202286.15441116097,202.28615441116096,155.0731153275392,,109,0.109,0.0036199092864990234,0.473,0.527,1000,12.197121356427091
treat_all,5,1000,659237.0559170617,659.2370559170618,515.0684284736575,,582,0.582,0.00217437744140625,0.0,1.0,1000,2.1439523396007845
F,5,1000,0.0,0.0,0.0,,0,0.0,0.0024261474609375,0.926,0.074,1000,18.009071241715084
S2-linear,5,1000,0.14666228099810663,0.00014666228099810663,0.00014666228099810663,,0,0.0,0.002434968948364258,0.874,0.126,1000,22.01339260454732
S2-lasso,5,1000,2.599156632315755,0.002599156632315755,0.002599156632315755,,0,0.0,0.0024263858795166016,0.919,0.081,1000,21.785068820391967
S2-knn,5,1000,0.0,0.0,0.0,,0,0.0,0.002424478530883789,0.943,0.057,1000,21.835988469139718
random,6,1000,183611.15162593333,183.61115162593333,145.1813996566078,,89,0.089,0.003620624542236328,0.501,0.499,1000,12.197121356427091
treat_all,6,1000,681125.5773449021,681.1255773449021,535.2418286906575,,590,0.59,0.0021300315856933594,0.0,1.0,1000,2.1439523396007845
F,6,1000,20501.066531359735,20.501066531359733,20.501066531359733,,0,0.0,0.002271890640258789,0.909,0.091,1000,18.009071241715084
S2-linear,6,1000,8899.418254877766,8.899418254877766,8.899418254877766,,0,0.0,0.0023102760314941406,0.875,0.125,1000,22.01339260454732
S2-lasso,6,1000,17034.13549324276,17.03413549324276,17.03413549324276,,0,0.0,0.002257823944091797,0.917,0.083,1000,21.785068820391967
S2-knn,6,1000,22610.749430458636,22.610749430458636,22.610749430458636,,0,0.0,0.0022411346435546875,0.929,0.071,1000,21.835988469139718
random,7,1000,108691.41634121718,108.69141634121718,103.68051186302579,,12,0.012,0.003641366958618164,0.504,0.496,1000,12.197121356427091
treat_all,7,1000,605705.8398794618,605.7058398794618,447.9897775576923,,516,0.516,0.0022437572479248047,0.0,1.0,1000,2.1439523396007845
F,7,1000,45.76145116177858,0.04576145116177858,0.04576145116177858,,0,0.0,0.002465963363647461,0.921,0.079,1000,18.009071241715084
S2-linear,7,1000,2.3778978721978703,0.0023778978721978703,0.0023778978721978703,,0,0.0,0.0024743080139160156,0.883,0.117,1000,22.01339260454732
S2-lasso,7,1000,6.922858746223099,0.006922858746223099,0.006922858746223099,,0,0.0,0.002477884292602539,0.919,0.081,1000,21.785068820391967
S2-knn,7,1000,14.135186563489238,0.014135186563489239,0.014135186563489239,,0,0.0,0.002470254898071289,0.935,0.065,1000,21.835988469139718
random,8,1000,125570.38562932872,125.57038562932873,120.07364993705175,,14,0.014,0.0036995410919189453,0.532,0.468,1000,12.197121356427091
treat_all,8,1000,660508.6603665653,660.5086603665653,529.7907102520498,,546,0.546,0.002226591110229492,0.0,1.0,1000,2.1439523396007845
F,8,1000,1243.3702101163278,1.2433702101163278,1.2433702101163278,,0,0.0,0.0024352073669433594,0.927,0.073,1000,18.009071241715084
S2-linear,8,1000,637.2891088516693,0.6372891088516693,0.6372891088516693,,0,0.0,0.002444028854370117,0.881,0.119,1000,22.01339260454732
S2-lasso,8,1000,1693.4944617916308,1.6934944617916308,1.6934944617916308,,0,0.0,0.002434968948364258,0.918,0.082,1000,21.785068820391967
S2-knn,8,1000,2866.2447531374937,2.8662447531374937,2.8662447531374937,,0,0.0,0.002438783645629883,0.954,0.046,1000,21.835988469139718
random,9,1000,200851.86227751384,200.85186227751385,165.21960286611585,,85,0.085,0.003609895706176758,0.502,0.498,1000,12.197121356427091
treat_all,9,1000,708966.9393228278,708.9669393228279,576.2333776528698,,587,0.587,0.002356290817260742,0.0,1.0,1000,2.1439523396007845
F,9,1000,6206.074414201369,6.206074414201369,6.206074414201369,,0,0.0,0.0023491382598876953,0.937,0.063,1000,18.009071241715084
S2-linear,9,1000,2338.8192994280344,2.3388192994280343,2.3388192994280343,,0,0.0,0.0023698806762695312,0.884,0.116,1000,22.01339260454732
S2-lasso,9,1000,3866.004612026436,3.866004612026436,3.866004612026436,,0,0.0,0.0023682117462158203,0.922,0.078,1000,21.785068820391967
S2-knn,9,1000,7953.839100569659,7.95383910056966,7.95383910056966,,0,0.0,0.0023217201232910156,0.941,0.059,1000,21.835988469139718
random,10,1000,206420.69620177,206.42069620177,165.7609798124251,,90,0.09,0.0036764144897460938,0.483,0.517,1000,12.197121356427091
treat_all,10,1000,697476.3386858259,697.4763386858259,545.0819527965328,,573,0.573,0.0021600723266601562,0.0,1.0,1000,2.1439523396007845
F,10,1000,158.72678386013328,0.15872678386013328,0.15872678386013328,,0,0.0,0.002418041229248047,0.92,0.08,1000,18.009071241715084
S2-linear,10,1000,4.549737405519734,0.004549737405519734,0.004549737405519734,,0,0.0,0.002406597137451172,0.899,0.101,1000,22.01339260454732
S2-lasso,10,1000,751.8762467724212,0.7518762467724212,0.7518762467724212,,0,0.0,0.00240325927734375,0.936,0.064,1000,21.785068820391967
S2-knn,10,1000,1604.281450559125,1.604281450559125,1.604281450559125,,0,0.0,0.002384662628173828,0.944,0.056,1000,21.835988469139718
random,11,1000,145456.7198686626,145.4567198686626,140.3376311030639,,13,0.013,0.003667116165161133,0.52,0.48,1000,12.197121356427091
treat_all,11,1000,695207.8100719964,695.2078100719964,553.3622306334681,,533,0.533,0.0022139549255371094,0.0,1.0,1000,2.1439523396007845
F,11,1000,148.67927474812714,0.14867927474812714,0.14867927474812714,,0,0.0,0.002456188201904297,0.921,0.079,1000,18.009071241715084
S2-linear,11,1000,8.121142735397441,0.008121142735397442,0.008121142735397442,,0,0.0,0.002469778060913086,0.884,0.116,1000,22.01339260454732
S2-lasso,11,1000,274.0713871677257,0.27407138716772567,0.27407138716772567,,0,0.0,0.0024623870849609375,0.932,0.068,1000,21.785068820391967
S2-knn,11,1000,897.6150259658805,0.8976150259658805,0.8976150259658805,,0,0.0,0.0024280548095703125,0.939,0.061,1000,21.835988469139718
random,12,1000,154975.90468594158,154.97590468594157,137.5542002340137,,43,0.043,0.003633260726928711,0.505,0.495,1000,12.197121356427091
treat_all,12,1000,653128.7702595042,653.1287702595042,520.7840889297278,,548,0.548,0.0021615028381347656,0.0,1.0,1000,2.1439523396007845
F,12,1000,2253.3371163267707,2.2533371163267706,2.2533371163267706,,0,0.0,0.002350330352783203,0.93,0.07,1000,18.009071241715084
S2-linear,12,1000,360.97264107445153,0.36097264107445154,0.36097264107445154,,0,0.0,0.0024118423461914062,0.873,0.127,1000,22.01339260454732
S2-lasso,12,1000,533.2905225512825,0.5332905225512825,0.5332905225512825,,0,0.0,0.002405881881713867,0.918,0.082,1000,21.785068820391967
S2-knn,12,1000,1492.478834771126,1.492478834771126,1.492478834771126,,0,0.0,0.002402782440185547,0.937,0.063,1000,21.835988469139718
random,13,1000,193011.8423916673,193.0118423916673,154.24967342391977,,90,0.09,0.003683805465698242,0.477,0.523,1000,12.197121356427091
treat_all,13,1000,663743.1805892583,663.7431805892584,509.5163964689887,,567,0.567,0.002198934555053711,0.0,1.0,1000,2.1439523396007845
F,13,1000,69.59314244408708,0.06959314244408708,0.06959314244408708,,0,0.0,0.0024514198303222656,0.922,0.078,1000,18.009071241715084
S2-linear,13,1000,69.62124453453502,0.06962124453453503,0.06962124453453503,,0,0.0,0.002431154251098633,0.878,0.122,1000,22.01339260454732
S2-lasso,13,1000,69.62124453453502,0.06962124453453503,0.06962124453453503,,0,0.0,0.002433300018310547,0.92,0.08,1000,21.785068820391967
S2-knn,13,1000,142.97697712923429,0.1429769771292343,0.1429769771292343,,0,0.0,0.002409696578979492,0.943,0.057,1000,21.835988469139718
random,14,1000,181114.9765548236,181.1149765548236,169.27766107203314,,32,0.032,0.0037217140197753906,0.503,0.497,1000,12.197121356427091
treat_all,14,1000,701185.0366679451,701.185036667945,582.108690561215,,535,0.535,0.002321004867553711,0.0,1.0,1000,2.1439523396007845
F,14,1000,86.53237895219262,0.08653237895219261,0.08653237895219261,,0,0.0,0.0024957656860351562,0.934,0.066,1000,18.009071241715084
S2-linear,14,1000,0.8897854654322315,0.0008897854654322314,0.0008897854654322314,,0,0.0,0.002498149871826172,0.882,0.118,1000,22.01339260454732
S2-lasso,14,1000,68.08242854114947,0.06808242854114947,0.06808242854114947,,0,0.0,0.0025064945220947266,0.923,0.077,1000,21.785068820391967
S2-knn,14,1000,116.22755245172497,0.11622755245172497,0.11622755245172497,,0,0.0,0.0025055408477783203,0.947,0.053,1000,21.835988469139718
random,15,1000,133436.6992383413,133.4366992383413,131.2387821828777,,6,0.006,0.0036613941192626953,0.523,0.477,1000,12.197121356427091
treat_all,15,1000,640730.5898122464,640.7305898122464,520.252610725721,,529,0.529,0.0021820068359375,0.0,1.0,1000,2.1439523396007845
F,15,1000,0.998631096557693,0.000998631096557693,0.000998631096557693,,0,0.0,0.0024132728576660156,0.932,0.068,1000,18.009071241715084
S2-linear,15,1000,3.22815625200882,0.00322815625200882,0.00322815625200882,,0,0.0,0.002610445022583008,0.867,0.133,1000,22.01339260454732
S2-lasso,15,1000,28.51758817596117,0.02851758817596117,0.02851758817596117,,0,0.0,0.002437114715576172,0.915,0.085,1000,21.785068820391967
S2-knn,15,1000,126.82268685988016,0.12682268685988016,0.12682268685988016,,0,0.0,0.0024437904357910156,0.937,0.063,1000,21.835988469139718
random,16,1000,115539.4442652433,115.5394442652433,111.44243524771342,,10,0.01,0.003771066665649414,0.497,0.503,1000,12.197121356427091
treat_all,16,1000,627305.3332147074,627.3053332147074,486.5550606990829,,507,0.507,0.0023572444915771484,0.0,1.0,1000,2.1439523396007845
F,16,1000,0.0,0.0,0.0,,0,0.0,0.0025403499603271484,0.928,0.072,1000,18.009071241715084
S2-linear,16,1000,0.5475862649767862,0.0005475862649767861,0.0005475862649767861,,0,0.0,0.0025229454040527344,0.875,0.125,1000,22.01339260454732
S2-lasso,16,1000,0.5475862649767862,0.0005475862649767861,0.0005475862649767861,,0,0.0,0.0025784969329833984,0.92,0.08,1000,21.785068820391967
S2-knn,16,1000,0.6860046180801262,0.0006860046180801263,0.0006860046180801263,,0,0.0,0.0026786327362060547,0.93,0.07,1000,21.835988469139718
random,17,1000,138634.67953500705,138.63467953500705,128.82095030397923,,23,0.023,0.0037145614624023438,0.498,0.502,1000,12.197121356427091
treat_all,17,1000,654641.6609505829,654.641660950583,513.0342970106116,,521,0.521,0.002252340316772461,0.0,1.0,1000,2.1439523396007845
F,17,1000,0.0,0.0,0.0,,0,0.0,0.0025157928466796875,0.923,0.077,1000,18.009071241715084
S2-linear,17,1000,0.0,0.0,0.0,,0,0.0,0.0025243759155273438,0.872,0.128,1000,22.01339260454732
S2-lasso,17,1000,0.0,0.0,0.0,,0,0.0,0.0025207996368408203,0.911,0.089,1000,21.785068820391967
S2-knn,17,1000,0.0,0.0,0.0,,0,0.0,0.0025343894958496094,0.925,0.075,1000,21.835988469139718
random,18,1000,150575.6709708243,150.57567097082432,139.69106715996216,,29,0.029,0.0036242008209228516,0.517,0.483,1000,12.197121356427091
treat_all,18,1000,643255.0449234799,643.2550449234799,523.5190602198134,,546,0.546,0.002148151397705078,0.0,1.0,1000,2.1439523396007845
F,18,1000,837.671585382927,0.837671585382927,0.837671585382927,,0,0.0,0.0023725032806396484,0.944,0.056,1000,18.009071241715084
S2-linear,18,1000,327.1365872983775,0.32713658729837747,0.32713658729837747,,0,0.0,0.0023832321166992188,0.869,0.131,1000,22.01339260454732
S2-lasso,18,1000,273.6881217518893,0.2736881217518893,0.2736881217518893,,0,0.0,0.0023965835571289062,0.907,0.093,1000,21.785068820391967
S2-knn,18,1000,713.1467011899366,0.7131467011899366,0.7131467011899366,,0,0.0,0.003393411636352539,0.937,0.063,1000,21.835988469139718
random,19,1000,164217.35364486478,164.21735364486477,142.10900801998264,,55,0.055,0.0037009716033935547,0.512,0.488,1000,12.197121356427091
treat_all,19,1000,662190.1515407747,662.1901515407748,526.5919794500222,,567,0.567,0.002243518829345703,0.0,1.0,1000,2.1439523396007845
F,19,1000,5517.548201590489,5.517548201590489,5.517548201590489,,0,0.0,0.0023567676544189453,0.921,0.079,1000,18.009071241715084
S2-linear,19,1000,4265.881223846645,4.2658812238466455,4.2658812238466455,,0,0.0,0.002366781234741211,0.87,0.13,1000,22.01339260454732
S2-lasso,19,1000,7042.254770237351,7.042254770237351,7.042254770237351,,0,0.0,0.0023419857025146484,0.908,0.092,1000,21.785068820391967
S2-knn,19,1000,7345.940688972286,7.345940688972286,7.345940688972286,,0,0.0,0.002335071563720703,0.937,0.063,1000,21.835988469139718
random,20,1000,157554.31133060527,157.55431133060526,144.6249275588808,,33,0.033,0.003635406494140625,0.513,0.487,1000,12.197121356427091
treat_all,20,1000,675069.3321700825,675.0693321700825,538.9650010860904,,546,0.546,0.0021958351135253906,0.0,1.0,1000,2.1439523396007845
F,20,1000,2915.0076032422594,2.9150076032422594,2.9150076032422594,,0,0.0,0.002355337142944336,0.918,0.082,1000,18.009071241715084
S2-linear,20,1000,1334.3285901750828,1.3343285901750828,1.3343285901750828,,0,0.0,0.002378702163696289,0.885,0.115,1000,22.01339260454732
S2-lasso,20,1000,10864.576264661315,10.864576264661315,10.864576264661315,,0,0.0,0.0022797584533691406,0.927,0.073,1000,21.785068820391967
S2-knn,20,1000,10480.090914096645,10.480090914096644,10.480090914096644,,0,0.0,0.002268075942993164,0.932,0.068,1000,21.835988469139718
random,21,1000,168864.3400959032,168.8643400959032,134.63726178815966,,79,0.079,0.0036830902099609375,0.511,0.489,1000,12.197121356427091
treat_all,21,1000,674803.942607118,674.8039426071181,516.5075588218635,,590,0.59,0.0022161006927490234,0.0,1.0,1000,2.1439523396007845
F,21,1000,6491.965946496764,6.491965946496764,6.491965946496764,,0,0.0,0.002385377883911133,0.925,0.075,1000,18.009071241715084
S2-linear,21,1000,3228.02568905772,3.22802568905772,3.22802568905772,,0,0.0,0.0023992061614990234,0.887,0.113,1000,22.01339260454732
S2-lasso,21,1000,7249.911905020552,7.249911905020552,7.249911905020552,,0,0.0,0.0023660659790039062,0.927,0.073,1000,21.785068820391967
S2-knn,21,1000,12077.706896963908,12.077706896963907,12.077706896963907,,0,0.0,0.0023500919342041016,0.956,0.044,1000,21.835988469139718
random,22,1000,152529.9709040734,152.5299709040734,144.70035157410766,,20,0.02,0.0036978721618652344,0.499,0.501,1000,12.197121356427091
treat_all,22,1000,659762.420008847,659.762420008847,535.1374698444602,,519,0.519,0.002193927764892578,0.0,1.0,1000,2.1439523396007845
F,22,1000,369.23979096489415,0.3692397909648942,0.3692397909648942,,0,0.0,0.0024673938751220703,0.926,0.074,1000,18.009071241715084
S2-linear,22,1000,69.57764208735408,0.06957764208735408,0.06957764208735408,,0,0.0,0.0024576187133789062,0.868,0.132,1000,22.01339260454732
S2-lasso,22,1000,194.7846204476375,0.1947846204476375,0.1947846204476375,,0,0.0,0.002470254898071289,0.916,0.084,1000,21.785068820391967
S2-knn,22,1000,178.66978914474214,0.17866978914474213,0.17866978914474213,,0,0.0,0.002488851547241211,0.94,0.06,1000,21.835988469139718
random,23,1000,190806.98285930505,190.80698285930504,162.0189928687938,,73,0.073,0.0037865638732910156,0.49,0.51,1000,12.197121356427091
treat_all,23,1000,656915.0836398492,656.9150836398492,533.3156163605244,,563,0.563,0.0021147727966308594,0.0,1.0,1000,2.1439523396007845
F,23,1000,195.8213427767762,0.19582134277677618,0.19582134277677618,,0,0.0,0.002379179000854492,0.911,0.089,1000,18.009071241715084
S2-linear,23,1000,0.5834222611575726,0.0005834222611575726,0.0005834222611575726,,0,0.0,0.002390623092651367,0.857,0.143,1000,22.01339260454732
S2-lasso,23,1000,109.6288764975459,0.10962887649754591,0.10962887649754591,,0,0.0,0.002379894256591797,0.913,0.087,1000,21.785068820391967
S2-knn,23,1000,152.6988582084751,0.1526988582084751,0.1526988582084751,,0,0.0,0.002379179000854492,0.92,0.08,1000,21.835988469139718
random,24,1000,130814.27291457176,130.81427291457177,115.07105855025452,,38,0.038,0.0036814212799072266,0.517,0.483,1000,12.197121356427091
treat_all,24,1000,636525.8550032843,636.5258550032843,477.13891088568363,,555,0.555,0.002188444137573242,0.0,1.0,1000,2.1439523396007845
F,24,1000,12.57285291511802,0.01257285291511802,0.01257285291511802,,0,0.0,0.0024535655975341797,0.927,0.073,1000,18.009071241715084
S2-linear,24,1000,5.583080851372892,0.005583080851372892,0.005583080851372892,,0,0.0,0.0024404525756835938,0.889,0.111,1000,22.01339260454732
S2-lasso,24,1000,6.464017807097258,0.006464017807097258,0.006464017807097258,,0,0.0,0.002432107925415039,0.926,0.074,1000,21.785068820391967
S2-knn,24,1000,8.65348656200354,0.00865348656200354,0.00865348656200354,,0,0.0,0.0024366378784179688,0.945,0.055,1000,21.835988469139718
random,25,1000,152507.65953852548,152.50765953852547,137.37855701522835,,37,0.037,0.0036971569061279297,0.502,0.498,1000,12.197121356427091
treat_all,25,1000,661410.8790656582,661.4108790656582,531.2715320990304,,539,0.539,0.002189159393310547,0.0,1.0,1000,2.1439523396007845
F,25,1000,27.865351130410527,0.027865351130410526,0.027865351130410526,,0,0.0,0.002463817596435547,0.922,0.078,1000,18.009071241715084
S2-linear,25,1000,16.131627566196613,0.016131627566196613,0.016131627566196613,,0,0.0,0.0024721622467041016,0.863,0.137,1000,22.01339260454732
S2-lasso,25,1000,27.865351130410527,0.027865351130410526,0.027865351130410526,,0,0.0,0.0024895668029785156,0.917,0.083,1000,21.785068820391967
S2-knn,25,1000,16.131627566196613,0.016131627566196613,0.016131627566196613,,0,0.0,0.0024585723876953125,0.927,0.073,1000,21.835988469139718
random,26,1000,165523.67181149215,165.52367181149216,140.6609732378957,,61,0.061,0.003702402114868164,0.502,0.498,1000,12.197121356427091
treat_all,26,1000,674949.4290790542,674.9494290790542,531.3433560344413,,563,0.563,0.0022094249725341797,0.0,1.0,1000,2.1439523396007845
F,26,1000,106.75489436280048,0.10675489436280049,0.10675489436280049,,0,0.0,0.0024449825286865234,0.928,0.072,1000,18.009071241715084
S2-linear,26,1000,32.950666039281764,0.03295066603928176,0.03295066603928176,,0,0.0,0.002448558807373047,0.86,0.14,1000,22.01339260454732
S2-lasso,26,1000,33.40108828035919,0.03340108828035919,0.03340108828035919,,0,0.0,0.002445220947265625,0.903,0.097,1000,21.785068820391967
S2-knn,26,1000,63.28139592545832,0.06328139592545833,0.06328139592545833,,0,0.0,0.0024590492248535156,0.931,0.069,1000,21.835988469139718
random,27,1000,160033.67777798805,160.03367777798806,143.94971141288735,,43,0.043,0.003632783889770508,0.508,0.492,1000,12.197121356427091
treat_all,27,1000,638131.8086145602,638.1318086145602,525.6103169843637,,551,0.551,0.0021309852600097656,0.0,1.0,1000,2.1439523396007845
F,27,1000,261.4902089790753,0.2614902089790753,0.2614902089790753,,0,0.0,0.002363443374633789,0.92,0.08,1000,18.009071241715084
S2-linear,27,1000,5.174659506328693,0.005174659506328693,0.005174659506328693,,0,0.0,0.0024063587188720703,0.873,0.127,1000,22.01339260454732
S2-lasso,27,1000,7.9877126263289835,0.007987712626328983,0.007987712626328983,,0,0.0,0.002386331558227539,0.914,0.086,1000,21.785068820391967
S2-knn,27,1000,2032.8327508804862,2.032832750880486,2.032832750880486,,0,0.0,0.002338886260986328,0.939,0.061,1000,21.835988469139718
random,28,1000,132999.00963457677,132.99900963457677,118.18605193848802,,35,0.035,0.0036687850952148438,0.505,0.495,1000,12.197121356427091
treat_all,28,1000,625491.955515659,625.4919555156589,492.17443693359183,,540,0.54,0.0021817684173583984,0.0,1.0,1000,2.1439523396007845
F,28,1000,23.83023120389673,0.02383023120389673,0.02383023120389673,,0,0.0,0.002441883087158203,0.911,0.089,1000,18.009071241715084
S2-linear,28,1000,1.7451487682383016,0.0017451487682383015,0.0017451487682383015,,0,0.0,0.004083156585693359,0.874,0.126,1000,22.01339260454732
S2-lasso,28,1000,27.352287400561693,0.027352287400561694,0.027352287400561694,,0,0.0,0.002521038055419922,0.91,0.09,1000,21.785068820391967
S2-knn,28,1000,47.4486923587254,0.047448692358725404,0.047448692358725404,,0,0.0,0.0024352073669433594,0.931,0.069,1000,21.835988469139718
random,29,1000,149924.5959144163,149.9245959144163,137.1728245329919,,32,0.032,0.0036962032318115234,0.502,0.498,1000,12.197121356427091
treat_all,29,1000,657012.8947596569,657.0128947596569,522.9335388446306,,534,0.534,0.0022127628326416016,0.0,1.0,1000,2.1439523396007845
F,29,1000,13.41230586795021,0.01341230586795021,0.01341230586795021,,0,0.0,0.0024518966674804688,0.932,0.068,1000,18.009071241715084
S2-linear,29,1000,12.158598066692264,0.012158598066692264,0.012158598066692264,,0,0.0,0.002448558807373047,0.875,0.125,1000,22.01339260454732
S2-lasso,29,1000,48.20069117060919,0.04820069117060919,0.04820069117060919,,0,0.0,0.002453327178955078,0.91,0.09,1000,21.785068820391967
S2-knn,29,1000,340.88916523999205,0.3408891652399921,0.3408891652399921,,0,0.0,0.0024230480194091797,0.939,0.061,1000,21.835988469139718
random,30,1000,205106.003648475,205.106003648475,166.68272096163813,,92,0.092,0.003672361373901367,0.463,0.537,1000,12.197121356427091
treat_all,30,1000,676222.5346690957,676.2225346690957,535.8888521099898,,555,0.555,0.002213001251220703,0.0,1.0,1000,2.1439523396007845
F,30,1000,0.0,0.0,0.0,,0,0.0,0.002489328384399414,0.924,0.076,1000,18.009071241715084
S2-linear,30,1000,0.0,0.0,0.0,,0,0.0,0.0024721622467041016,0.899,0.101,1000,22.01339260454732
S2-lasso,30,1000,0.0,0.0,0.0,,0,0.0,0.002484560012817383,0.937,0.063,1000,21.785068820391967
S2-knn,30,1000,0.0,0.0,0.0,,0,0.0,0.0024597644805908203,0.953,0.047,1000,21.835988469139718
random,31,1000,144789.57783850894,144.78957783850893,144.78957783850893,,0,0.0,0.0037674903869628906,0.508,0.492,1000,12.197121356427091
treat_all,31,1000,683371.048151608,683.371048151608,564.7310287444255,,505,0.505,0.002266407012939453,0.0,1.0,1000,2.1439523396007845
F,31,1000,18.086026657571434,0.018086026657571433,0.018086026657571433,,0,0.0,0.002508401870727539,0.936,0.064,1000,18.009071241715084
S2-linear,31,1000,14.906544104179424,0.014906544104179425,0.014906544104179425,,0,0.0,0.0025110244750976562,0.876,0.124,1000,22.01339260454732
S2-lasso,31,1000,19.977785585246572,0.01997778558524657,0.01997778558524657,,0,0.0,0.002507925033569336,0.921,0.079,1000,21.785068820391967
S2-knn,31,1000,77.25590739934654,0.07725590739934654,0.07725590739934654,,0,0.0,0.0025131702423095703,0.932,0.068,1000,21.835988469139718
random,32,1000,163960.86713916843,163.96086713916844,138.7609570251231,,61,0.061,0.0036268234252929688,0.525,0.475,1000,12.197121356427091
treat_all,32,1000,671840.1372173037,671.8401372173038,541.3224202523792,,586,0.586,0.002153158187866211,0.0,1.0,1000,2.1439523396007845
F,32,1000,116.16036336407349,0.1161603633640735,0.1161603633640735,,0,0.0,0.002384185791015625,0.92,0.08,1000,18.009071241715084
S2-linear,32,1000,89.23131379916347,0.08923131379916348,0.08923131379916348,,0,0.0,0.0031740665435791016,0.886,0.114,1000,22.01339260454732
S2-lasso,32,1000,108.13312571073808,0.10813312571073809,0.10813312571073809,,0,0.0,0.002409696578979492,0.92,0.08,1000,21.785068820391967
S2-knn,32,1000,169.9175965894383,0.16991759658943828,0.16991759658943828,,0,0.0,0.002396106719970703,0.955,0.045,1000,21.835988469139718
random,33,1000,177209.83833803388,177.20983833803388,154.0849079333392,,57,0.057,0.0036673545837402344,0.479,0.521,1000,12.197121356427091
treat_all,33,1000,660033.4919731212,660.0334919731212,544.7854515022849,,536,0.536,0.00222015380859375,0.0,1.0,1000,2.1439523396007845
F,33,1000,3983.5002963478746,3.9835002963478745,3.9835002963478745,,0,0.0,0.0023767948150634766,0.929,0.071,1000,18.009071241715084
S2-linear,33,1000,3127.682402847442,3.127682402847442,3.127682402847442,,0,0.0,0.003184795379638672,0.88,0.12,1000,22.01339260454732
S2-lasso,33,1000,3893.332151933828,3.8933321519338278,3.8933321519338278,,0,0.0,0.0024116039276123047,0.919,0.081,1000,21.785068820391967
S2-knn,33,1000,5314.9655336691285,5.314965533669128,5.314965533669128,,0,0.0,0.0023593902587890625,0.943,0.057,1000,21.835988469139718
random,34,1000,186175.2115291489,186.1752115291489,155.0586606014131,,71,0.071,0.0037169456481933594,0.49,0.51,1000,12.197121356427091
treat_all,34,1000,683470.8015417451,683.4708015417451,536.9898898497795,,561,0.561,0.0022253990173339844,0.0,1.0,1000,2.1439523396007845
F,34,1000,177.39760039037083,0.17739760039037084,0.17739760039037084,,0,0.0,0.002471923828125,0.93,0.07,1000,18.009071241715084
S2-linear,34,1000,44.61087106447947,0.04461087106447947,0.04461087106447947,,0,0.0,0.003234386444091797,0.882,0.118,1000,22.01339260454732
S2-lasso,34,1000,82.90376617561061,0.08290376617561061,0.08290376617561061,,0,0.0,0.0025086402893066406,0.918,0.082,1000,21.785068820391967
S2-knn,34,1000,497.71430895665986,0.49771430895665986,0.49771430895665986,,0,0.0,0.0024476051330566406,0.946,0.054,1000,21.835988469139718
random,35,1000,211679.68121844664,211.67968121844663,177.4870201576735,,84,0.084,0.0037157535552978516,0.501,0.499,1000,12.197121356427091
treat_all,35,1000,719390.2213438429,719.3902213438429,583.7650020199632,,585,0.585,0.002213716506958008,0.0,1.0,1000,2.1439523396007845
F,35,1000,460.4608414330046,0.4604608414330046,0.4604608414330046,,0,0.0,0.0024461746215820312,0.931,0.069,1000,18.009071241715084
S2-linear,35,1000,63.249369870679146,0.06324936987067914,0.06324936987067914,,0,0.0,0.003180980682373047,0.892,0.108,1000,22.01339260454732
S2-lasso,35,1000,373.0396739694483,0.3730396739694483,0.3730396739694483,,0,0.0,0.002464771270751953,0.936,0.064,1000,21.785068820391967
S2-knn,35,1000,546.9358864223531,0.546935886422353,0.546935886422353,,0,0.0,0.0024378299713134766,0.947,0.053,1000,21.835988469139718
random,36,1000,176340.99530203678,176.3409953020368,141.9674269745727,,81,0.081,0.003643035888671875,0.495,0.505,1000,12.197121356427091
treat_all,36,1000,655422.1320642201,655.4221320642201,512.1189410468659,,576,0.576,0.0021696090698242188,0.0,1.0,1000,2.1439523396007845
F,36,1000,173.86783522006994,0.17386783522006993,0.17386783522006993,,0,0.0,0.002432107925415039,0.922,0.078,1000,18.009071241715084
S2-linear,36,1000,104.63203258931551,0.10463203258931551,0.10463203258931551,,0,0.0,0.0024268627166748047,0.892,0.108,1000,22.01339260454732
S2-lasso,36,1000,351.0488145892849,0.35104881458928494,0.35104881458928494,,0,0.0,0.0024297237396240234,0.929,0.071,1000,21.785068820391967
S2-knn,36,1000,148.81519359763777,0.14881519359763778,0.14881519359763778,,0,0.0,0.002402782440185547,0.945,0.055,1000,21.835988469139718
random,37,1000,168398.20212192723,168.39820212192723,149.01149979661682,,47,0.047,0.003714323043823242,0.494,0.506,1000,12.197121356427091
treat_all,37,1000,659595.0593926059,659.5950593926059,512.1166953818778,,541,0.541,0.002237558364868164,0.0,1.0,1000,2.1439523396007845
F,37,1000,2.9190493966650197,0.00291904939666502,0.00291904939666502,,0,0.0,0.0024971961975097656,0.92,0.08,1000,18.009071241715084
S2-linear,37,1000,0.2500318716547387,0.00025003187165473874,0.00025003187165473874,,0,0.0,0.0026345252990722656,0.875,0.125,1000,22.01339260454732
S2-lasso,37,1000,0.2500318716547387,0.00025003187165473874,0.00025003187165473874,,0,0.0,0.0025033950805664062,0.914,0.086,1000,21.785068820391967
S2-knn,37,1000,2.0334877446424993,0.002033487744642499,0.002033487744642499,,0,0.0,0.0025064945220947266,0.933,0.067,1000,21.835988469139718
random,38,1000,179475.65454742947,179.47565454742946,164.52968774428774,,39,0.039,0.0037033557891845703,0.492,0.508,1000,12.197121356427091
treat_all,38,1000,687507.1655648237,687.5071655648237,570.1662760358926,,531,0.531,0.0022313594818115234,0.0,1.0,1000,2.1439523396007845
F,38,1000,15.7011092788584,0.0157011092788584,0.0157011092788584,,0,0.0,0.0024666786193847656,0.928,0.072,1000,18.009071241715084
S2-linear,38,1000,23.987770632802395,0.023987770632802396,0.023987770632802396,,0,0.0,0.0024771690368652344,0.879,0.121,1000,22.01339260454732
S2-lasso,38,1000,6.628857361695074,0.006628857361695074,0.006628857361695074,,0,0.0,0.0025060176849365234,0.923,0.077,1000,21.785068820391967
S2-knn,38,1000,0.09091363166223074,9.091363166223074e-05,9.091363166223074e-05,,0,0.0,0.002480745315551758,0.947,0.053,1000,21.835988469139718
random,39,1000,169229.7749945002,169.22977499450022,137.96253959722213,,72,0.072,0.003613710403442383,0.501,0.499,1000,12.197121356427091
treat_all,39,1000,661448.6991674976,661.4486991674976,504.38701103410745,,573,0.573,0.002136707305908203,0.0,1.0,1000,2.1439523396007845
F,39,1000,809.727520015863,0.809727520015863,0.809727520015863,,0,0.0,0.002371549606323242,0.927,0.073,1000,18.009071241715084
S2-linear,39,1000,416.8201127993345,0.4168201127993345,0.4168201127993345,,0,0.0,0.0041484832763671875,0.861,0.139,1000,22.01339260454732
S2-lasso,39,1000,707.2162227075103,0.7072162227075103,0.7072162227075103,,0,0.0,0.002495288848876953,0.912,0.088,1000,21.785068820391967
S2-knn,39,1000,1294.5029866728337,1.2945029866728337,1.2945029866728337,,0,0.0,0.0023589134216308594,0.939,0.061,1000,21.835988469139718
random,40,1000,170677.64558550096,170.67764558550095,160.23194667280103,,28,0.028,0.003687620162963867,0.498,0.502,1000,12.197121356427091
treat_all,40,1000,669304.3229335042,669.3043229335043,558.5833316393548,,526,0.526,0.0022416114807128906,0.0,1.0,1000,2.1439523396007845
F,40,1000,0.0,0.0,0.0,,0,0.0,0.0024530887603759766,0.925,0.075,1000,18.009071241715084
S2-linear,40,1000,0.5878994102911586,0.0005878994102911586,0.0005878994102911586,,0,0.0,0.0024595260620117188,0.883,0.117,1000,22.01339260454732
S2-lasso,40,1000,1.8233375617865164,0.0018233375617865164,0.0018233375617865164,,0,0.0,0.002468109130859375,0.925,0.075,1000,21.785068820391967
S2-knn,40,1000,0.5878994102911586,0.0005878994102911586,0.0005878994102911586,,0,0.0,0.0024442672729492188,0.949,0.051,1000,21.835988469139718
random,41,1000,164284.74678042252,164.28474678042252,137.2562618006616,,66,0.066,0.003613710403442383,0.494,0.506,1000,12.197121356427091
treat_all,41,1000,658432.1145159635,658.4321145159635,496.3679275328534,,560,0.56,0.0022134780883789062,0.0,1.0,1000,2.1439523396007845
F,41,1000,7256.199405588902,7.256199405588902,7.256199405588902,,0,0.0,0.0023055076599121094,0.928,0.072,1000,18.009071241715084
S2-linear,41,1000,1109.4445496394608,1.1094445496394607,1.1094445496394607,,0,0.0,0.0037474632263183594,0.871,0.129,1000,22.01339260454732
S2-lasso,41,1000,4581.807194461417,4.581807194461416,4.581807194461416,,0,0.0,0.002327442169189453,0.913,0.087,1000,21.785068820391967
S2-knn,41,1000,11340.931604659423,11.340931604659422,11.340931604659422,,0,0.0,0.002299785614013672,0.937,0.063,1000,21.835988469139718
random,42,1000,161158.82184745598,161.15882184745598,131.89530802108985,,73,0.073,0.003667593002319336,0.495,0.505,1000,12.197121356427091
treat_all,42,1000,628121.7603054844,628.1217603054844,482.0420488562502,,568,0.568,0.002147674560546875,0.0,1.0,1000,2.1439523396007845
F,42,1000,0.17058014194916704,0.00017058014194916703,0.00017058014194916703,,0,0.0,0.0024251937866210938,0.91,0.09,1000,18.009071241715084
S2-linear,42,1000,0.17058014194916704,0.00017058014194916703,0.00017058014194916703,,0,0.0,0.0024673938751220703,0.877,0.123,1000,22.01339260454732
S2-lasso,42,1000,0.17058014194916704,0.00017058014194916703,0.00017058014194916703,,0,0.0,0.002420663833618164,0.916,0.084,1000,21.785068820391967
S2-knn,42,1000,0.17058014194916704,0.00017058014194916703,0.00017058014194916703,,0,0.0,0.0024399757385253906,0.951,0.049,1000,21.835988469139718
random,43,1000,144682.2079499404,144.68220794994042,137.04685778962246,,20,0.02,0.0037169456481933594,0.516,0.484,1000,12.197121356427091
treat_all,43,1000,650089.4528559139,650.0894528559139,521.7881337747978,,536,0.536,0.0022115707397460938,0.0,1.0,1000,2.1439523396007845
F,43,1000,736.3982079301933,0.7363982079301933,0.7363982079301933,,0,0.0,0.0024557113647460938,0.928,0.072,1000,18.009071241715084
S2-linear,43,1000,2.5330719456643793,0.0025330719456643793,0.0025330719456643793,,0,0.0,0.003373384475708008,0.864,0.136,1000,22.01339260454732
S2-lasso,43,1000,195.08553335684465,0.19508553335684464,0.19508553335684464,,0,0.0,0.003059864044189453,0.909,0.091,1000,21.785068820391967
S2-knn,43,1000,657.9279770247449,0.6579279770247449,0.6579279770247449,,0,0.0,0.002456188201904297,0.935,0.065,1000,21.835988469139718
random,44,1000,188096.82582010998,188.09682582010998,149.0128157399098,,93,0.093,0.0036656856536865234,0.478,0.522,1000,12.197121356427091
treat_all,44,1000,656346.2267446707,656.3462267446706,515.3877498975257,,571,0.571,0.0025682449340820312,0.0,1.0,1000,2.1439523396007845
F,44,1000,229.28928298810524,0.22928928298810525,0.22928928298810525,,0,0.0,0.002577543258666992,0.918,0.082,1000,18.009071241715084
S2-linear,44,1000,312.9533531897801,0.3129533531897801,0.3129533531897801,,0,0.0,0.0024559497833251953,0.904,0.096,1000,22.01339260454732
S2-lasso,44,1000,299.4818644585261,0.2994818644585261,0.2994818644585261,,0,0.0,0.0024268627166748047,0.936,0.064,1000,21.785068820391967
S2-knn,44,1000,383.8819834732169,0.3838819834732169,0.3838819834732169,,0,0.0,0.0024366378784179688,0.945,0.055,1000,21.835988469139718
random,45,1000,193359.8171383955,193.3598171383955,169.18757389781678,,62,0.062,0.0036711692810058594,0.506,0.494,1000,12.197121356427091
treat_all,45,1000,681030.1570345048,681.0301570345048,567.0929941723238,,568,0.568,0.0022046566009521484,0.0,1.0,1000,2.1439523396007845
F,45,1000,2752.530194321331,2.7525301943213307,2.7525301943213307,,0,0.0,0.0031447410583496094,0.924,0.076,1000,18.009071241715084
S2-linear,45,1000,601.5135522144681,0.6015135522144681,0.6015135522144681,,0,0.0,0.0023970603942871094,0.88,0.12,1000,22.01339260454732
S2-lasso,45,1000,1382.61380689618,1.38261380689618,1.38261380689618,,0,0.0,0.00237274169921875,0.931,0.069,1000,21.785068820391967
S2-knn,45,1000,2977.0390509925383,2.977039050992538,2.977039050992538,,0,0.0,0.002363920211791992,0.938,0.062,1000,21.835988469139718
random,46,1000,181582.24055092278,181.5822405509228,158.84949775210072,,58,0.058,0.0036623477935791016,0.491,0.509,1000,12.197121356427091
treat_all,46,1000,671279.593148928,671.279593148928,538.8508812383515,,549,0.549,0.003003358840942383,0.0,1.0,1000,2.1439523396007845
F,46,1000,13505.758833926076,13.505758833926077,13.505758833926077,,0,0.0,0.0023543834686279297,0.93,0.07,1000,18.009071241715084
S2-linear,46,1000,1285.6891826626093,1.2856891826626093,1.2856891826626093,,0,0.0,0.0026941299438476562,0.884,0.116,1000,22.01339260454732
S2-lasso,46,1000,7264.751391228735,7.264751391228735,7.264751391228735,,0,0.0,0.002352476119995117,0.92,0.08,1000,21.785068820391967
S2-knn,46,1000,16167.291177820363,16.167291177820363,16.167291177820363,,0,0.0,0.0024394989013671875,0.942,0.058,1000,21.835988469139718
random,47,1000,163453.08406440835,163.45308406440836,150.85479024631348,,32,0.032,0.0037348270416259766,0.519,0.481,1000,12.197121356427091
treat_all,47,1000,696548.2999153405,696.5482999153405,571.8013698056878,,551,0.551,0.002277851104736328,0.0,1.0,1000,2.1439523396007845
F,47,1000,0.0,0.0,0.0,,0,0.0,0.0025205612182617188,0.923,0.077,1000,18.009071241715084
S2-linear,47,1000,16.741133356900455,0.016741133356900455,0.016741133356900455,,0,0.0,0.0025072097778320312,0.898,0.102,1000,22.01339260454732
S2-lasso,47,1000,2.8895210642783713,0.002889521064278371,0.002889521064278371,,0,0.0,0.002531290054321289,0.938,0.062,1000,21.785068820391967
S2-knn,47,1000,1.820549810374196,0.001820549810374196,0.001820549810374196,,0,0.0,0.0025022029876708984,0.939,0.061,1000,21.835988469139718
random,48,1000,201298.02220502414,201.29802220502415,157.93213937600706,,106,0.106,0.003604412078857422,0.482,0.518,1000,12.197121356427091
treat_all,48,1000,661248.4627664424,661.2484627664425,524.0444774110958,,588,0.588,0.003121614456176758,0.0,1.0,1000,2.1439523396007845
F,48,1000,11.033179732497231,0.011033179732497232,0.011033179732497232,,0,0.0,0.0026013851165771484,0.923,0.077,1000,18.009071241715084
S2-linear,48,1000,0.0,0.0,0.0,,0,0.0,0.0024111270904541016,0.878,0.122,1000,22.01339260454732
S2-lasso,48,1000,0.0,0.0,0.0,,0,0.0,0.0024080276489257812,0.92,0.08,1000,21.785068820391967
S2-knn,48,1000,26.881395755436188,0.026881395755436188,0.026881395755436188,,0,0.0,0.0023965835571289062,0.94,0.06,1000,21.835988469139718
random,49,1000,207039.54740131754,207.03954740131755,174.2120551040729,,74,0.074,0.00368499755859375,0.461,0.539,1000,12.197121356427091
treat_all,49,1000,693161.6909966832,693.1616909966832,542.4560917697717,,535,0.535,0.0022742748260498047,0.0,1.0,1000,2.1439523396007845
F,49,1000,14.28611956749026,0.01428611956749026,0.01428611956749026,,0,0.0,0.0030927658081054688,0.919,0.081,1000,18.009071241715084
S2-linear,49,1000,5.5979646505115,0.0055979646505115,0.0055979646505115,,0,0.0,0.0025103092193603516,0.883,0.117,1000,22.01339260454732
S2-lasso,49,1000,5.5979646505115,0.0055979646505115,0.0055979646505115,,0,0.0,0.002618551254272461,0.928,0.072,1000,21.785068820391967
S2-knn,49,1000,9.469137836367526,0.009469137836367526,0.009469137836367526,,0,0.0,0.002482175827026367,0.945,0.055,1000,21.835988469139718
random,0,1000,155757.95225978474,155.75795225978473,143.43631555969924,,31,0.031,0.003977060317993164,0.509,0.491,1800,12.197121356427091
treat_all,0,1000,673135.3494917059,673.1353494917059,539.087562761301,,540,0.54,0.002384185791015625,0.0,1.0,1800,2.1439523396007845
F,0,1000,110.52393996442824,0.11052393996442823,0.11052393996442823,,0,0.0,0.011790275573730469,0.913,0.087,1800,18.718232778059054
S2-linear,0,1000,47.599459507144545,0.047599459507144545,0.047599459507144545,,0,0.0,0.0026252269744873047,0.886,0.114,1800,22.00231287717951
S2-lasso,0,1000,154.28434952208434,0.15428434952208434,0.15428434952208434,,0,0.0,0.002573728561401367,0.898,0.102,1800,22.15733975604808
S2-knn,0,1000,259.1881521304411,0.2591881521304411,0.2591881521304411,,0,0.0,0.01865100860595703,0.929,0.071,1800,21.953598125616924
random,1,1000,175568.02269690303,175.56802269690303,155.98393093991658,,51,0.051,0.003945589065551758,0.49,0.51,1800,12.197121356427091
treat_all,1,1000,652576.2500789016,652.5762500789017,528.029542241522,,541,0.541,0.011072397232055664,0.0,1.0,1800,2.1439523396007845
F,1,1000,15733.240955637819,15.733240955637818,15.733240955637818,,0,0.0,0.0024597644805908203,0.915,0.085,1800,18.718232778059054
S2-linear,1,1000,3266.7287008754406,3.2667287008754404,3.2667287008754404,,0,0.0,0.0024073123931884766,0.878,0.122,1800,22.00231287717951
S2-lasso,1,1000,4524.955298580491,4.524955298580491,4.524955298580491,,0,0.0,0.002427816390991211,0.883,0.117,1800,22.15733975604808
S2-knn,1,1000,17170.215040545092,17.17021504054509,17.17021504054509,,0,0.0,0.002397298812866211,0.919,0.081,1800,21.953598125616924
random,2,1000,156071.3360240014,156.0713360240014,145.3442747483556,,26,0.026,0.003900766372680664,0.503,0.497,1800,12.197121356427091
treat_all,2,1000,674199.883425932,674.1998834259321,555.2555265858045,,529,0.529,0.002370595932006836,0.0,1.0,1800,2.1439523396007845
F,2,1000,7.17031409653318,0.00717031409653318,0.00717031409653318,,0,0.0,0.002660036087036133,0.924,0.076,1800,18.718232778059054
S2-linear,2,1000,12.835918204897785,0.012835918204897784,0.012835918204897784,,0,0.0,0.002684354782104492,0.865,0.135,1800,22.00231287717951
S2-lasso,2,1000,9.959676251431732,0.009959676251431732,0.009959676251431732,,0,0.0,0.0026543140411376953,0.887,0.113,1800,22.15733975604808
S2-knn,2,1000,8.475006787530116,0.008475006787530116,0.008475006787530116,,0,0.0,0.0026695728302001953,0.916,0.084,1800,21.953598125616924
random,3,1000,199224.8263149948,199.2248263149948,170.45900660320055,,70,0.07,0.0039000511169433594,0.491,0.509,1800,12.197121356427091
treat_all,3,1000,706124.1851311645,706.1241851311645,565.2843797228707,,561,0.561,0.0023560523986816406,0.0,1.0,1800,2.1439523396007845
F,3,1000,219.62199513301348,0.21962199513301348,0.21962199513301348,,0,0.0,0.00263214111328125,0.92,0.08,1800,18.718232778059054
S2-linear,3,1000,331.4354934718053,0.3314354934718053,0.3314354934718053,,0,0.0,0.002622365951538086,0.873,0.127,1800,22.00231287717951
S2-lasso,3,1000,670.4623660115135,0.6704623660115135,0.6704623660115135,,0,0.0,0.0025720596313476562,0.883,0.117,1800,22.15733975604808
S2-knn,3,1000,634.3928896110644,0.6343928896110644,0.6343928896110644,,0,0.0,0.0025696754455566406,0.916,0.084,1800,21.953598125616924
random,4,1000,140511.1536472406,140.5111536472406,124.80569804045048,,40,0.04,0.0038366317749023438,0.504,0.496,1800,12.197121356427091
treat_all,4,1000,634025.2931005989,634.0252931005989,481.8191380760083,,544,0.544,0.002263784408569336,0.0,1.0,1800,2.1439523396007845
F,4,1000,893.3380378209183,0.8933380378209184,0.8933380378209184,,0,0.0,0.0025293827056884766,0.92,0.08,1800,18.718232778059054
S2-linear,4,1000,34.005369778567456,0.034005369778567454,0.034005369778567454,,0,0.0,0.0025796890258789062,0.871,0.129,1800,22.00231287717951
S2-lasso,4,1000,33.67888987635064,0.03367888987635064,0.03367888987635064,,0,0.0,0.0025634765625,0.875,0.125,1800,22.15733975604808
S2-knn,4,1000,53.776471386025435,0.05377647138602543,0.05377647138602543,,0,0.0,0.002547025680541992,0.914,0.086,1800,21.953598125616924
random,5,1000,202286.15441116097,202.28615441116096,155.0731153275392,,109,0.109,0.003835439682006836,0.473,0.527,1800,12.197121356427091
treat_all,5,1000,659237.0559170617,659.2370559170618,515.0684284736575,,582,0.582,0.0022690296173095703,0.0,1.0,1800,2.1439523396007845
F,5,1000,0.0,0.0,0.0,,0,0.0,0.0025434494018554688,0.923,0.077,1800,18.718232778059054
S2-linear,5,1000,0.14666228099810663,0.00014666228099810663,0.00014666228099810663,,0,0.0,0.0025582313537597656,0.871,0.129,1800,22.00231287717951
S2-lasso,5,1000,2.599156632315755,0.002599156632315755,0.002599156632315755,,0,0.0,0.0025472640991210938,0.88,0.12,1800,22.15733975604808
S2-knn,5,1000,0.0,0.0,0.0,,0,0.0,0.002536773681640625,0.915,0.085,1800,21.953598125616924
random,6,1000,183611.15162593333,183.61115162593333,145.1813996566078,,89,0.089,0.0038917064666748047,0.501,0.499,1800,12.197121356427091
treat_all,6,1000,681125.5773449021,681.1255773449021,535.2418286906575,,590,0.59,0.002309560775756836,0.0,1.0,1800,2.1439523396007845
F,6,1000,11981.15813781616,11.981158137816161,11.981158137816161,,0,0.0,0.002492666244506836,0.906,0.094,1800,18.718232778059054
S2-linear,6,1000,8030.178453912943,8.030178453912942,8.030178453912942,,0,0.0,0.0025098323822021484,0.873,0.127,1800,22.00231287717951
S2-lasso,6,1000,9755.492773691469,9.755492773691468,9.755492773691468,,0,0.0,0.0024521350860595703,0.885,0.115,1800,22.15733975604808
S2-knn,6,1000,17080.900419565507,17.080900419565506,17.080900419565506,,0,0.0,0.0024254322052001953,0.913,0.087,1800,21.953598125616924
random,7,1000,108691.41634121718,108.69141634121718,103.68051186302579,,12,0.012,0.003933906555175781,0.504,0.496,1800,12.197121356427091
treat_all,7,1000,605705.8398794618,605.7058398794618,447.9897775576923,,516,0.516,0.002385854721069336,0.0,1.0,1800,2.1439523396007845
F,7,1000,17.598994069334992,0.017598994069334992,0.017598994069334992,,0,0.0,0.002666950225830078,0.915,0.085,1800,18.718232778059054
S2-linear,7,1000,0.0,0.0,0.0,,0,0.0,0.002633333206176758,0.877,0.123,1800,22.00231287717951
S2-lasso,7,1000,2.3778978721978703,0.0023778978721978703,0.0023778978721978703,,0,0.0,0.0026144981384277344,0.886,0.114,1800,22.15733975604808
S2-knn,7,1000,12.276586524512048,0.012276586524512047,0.012276586524512047,,0,0.0,0.002624988555908203,0.912,0.088,1800,21.953598125616924
random,8,1000,125570.38562932872,125.57038562932873,120.07364993705175,,14,0.014,0.003947257995605469,0.532,0.468,1800,12.197121356427091
treat_all,8,1000,660508.6603665653,660.5086603665653,529.7907102520498,,546,0.546,0.00249481201171875,0.0,1.0,1800,2.1439523396007845
F,8,1000,1216.7590238591408,1.2167590238591408,1.2167590238591408,,0,0.0,0.002660512924194336,0.909,0.091,1800,18.718232778059054
S2-linear,8,1000,787.0471578130431,0.7870471578130431,0.7870471578130431,,0,0.0,0.0026330947875976562,0.883,0.117,1800,22.00231287717951
S2-lasso,8,1000,901.3979031979158,0.9013979031979158,0.9013979031979158,,0,0.0,0.0026154518127441406,0.887,0.113,1800,22.15733975604808
S2-knn,8,1000,1416.052389516004,1.416052389516004,1.416052389516004,,0,0.0,0.002596139907836914,0.924,0.076,1800,21.953598125616924
random,9,1000,200851.86227751384,200.85186227751385,165.21960286611585,,85,0.085,0.003896474838256836,0.502,0.498,1800,12.197121356427091
treat_all,9,1000,708966.9393228278,708.9669393228279,576.2333776528698,,587,0.587,0.0023584365844726562,0.0,1.0,1800,2.1439523396007845
F,9,1000,4236.790191788353,4.236790191788352,4.236790191788352,,0,0.0,0.002521514892578125,0.922,0.078,1800,18.718232778059054
S2-linear,9,1000,1968.2657554118036,1.9682657554118037,1.9682657554118037,,0,0.0,0.002537250518798828,0.878,0.122,1800,22.00231287717951
S2-lasso,9,1000,1845.2549499397987,1.8452549499397988,1.8452549499397988,,0,0.0,0.002524137496948242,0.887,0.113,1800,22.15733975604808
S2-knn,9,1000,4070.816763076422,4.070816763076422,4.070816763076422,,0,0.0,0.002511262893676758,0.908,0.092,1800,21.953598125616924
random,10,1000,206420.69620177,206.42069620177,165.7609798124251,,90,0.09,0.003938198089599609,0.483,0.517,1800,12.197121356427091
treat_all,10,1000,697476.3386858259,697.4763386858259,545.0819527965328,,573,0.573,0.002302885055541992,0.0,1.0,1800,2.1439523396007845
F,10,1000,5.067732589967303,0.005067732589967303,0.005067732589967303,,0,0.0,0.0025794506072998047,0.902,0.098,1800,18.718232778059054
S2-linear,10,1000,4.549737405519734,0.004549737405519734,0.004549737405519734,,0,0.0,0.0025780200958251953,0.894,0.106,1800,22.00231287717951
S2-lasso,10,1000,4.549737405519734,0.004549737405519734,0.004549737405519734,,0,0.0,0.0025691986083984375,0.906,0.094,1800,22.15733975604808
S2-knn,10,1000,16.94875414639681,0.016948754146396808,0.016948754146396808,,0,0.0,0.0025763511657714844,0.923,0.077,1800,21.953598125616924
random,11,1000,145456.7198686626,145.4567198686626,140.3376311030639,,13,0.013,0.003934621810913086,0.52,0.48,1800,12.197121356427091
treat_all,11,1000,695207.8100719964,695.2078100719964,553.3622306334681,,533,0.533,0.002349376678466797,0.0,1.0,1800,2.1439523396007845
F,11,1000,96.73731570814242,0.09673731570814242,0.09673731570814242,,0,0.0,0.002633810043334961,0.92,0.08,1800,18.718232778059054
S2-linear,11,1000,11.958239163797387,0.011958239163797388,0.011958239163797388,,0,0.0,0.0026514530181884766,0.887,0.113,1800,22.00231287717951
S2-lasso,11,1000,11.958239163797387,0.011958239163797388,0.011958239163797388,,0,0.0,0.002648591995239258,0.895,0.105,1800,22.15733975604808
S2-knn,11,1000,114.74271295807911,0.11474271295807911,0.11474271295807911,,0,0.0,0.002651691436767578,0.921,0.079,1800,21.953598125616924
random,12,1000,154975.90468594158,154.97590468594157,137.5542002340137,,43,0.043,0.003912925720214844,0.505,0.495,1800,12.197121356427091
treat_all,12,1000,653128.7702595042,653.1287702595042,520.7840889297278,,548,0.548,0.0023374557495117188,0.0,1.0,1800,2.1439523396007845
F,12,1000,575.4696585970098,0.5754696585970098,0.5754696585970098,,0,0.0,0.0025854110717773438,0.912,0.088,1800,18.718232778059054
S2-linear,12,1000,360.97264107445153,0.36097264107445154,0.36097264107445154,,0,0.0,0.0026056766510009766,0.873,0.127,1800,22.00231287717951
S2-lasso,12,1000,360.97264107445153,0.36097264107445154,0.36097264107445154,,0,0.0,0.0026001930236816406,0.883,0.117,1800,22.15733975604808
S2-knn,12,1000,553.4521700631958,0.5534521700631958,0.5534521700631958,,0,0.0,0.0025992393493652344,0.91,0.09,1800,21.953598125616924
random,13,1000,193011.8423916673,193.0118423916673,154.24967342391977,,90,0.09,0.0039594173431396484,0.477,0.523,1800,12.197121356427091
treat_all,13,1000,663743.1805892583,663.7431805892584,509.5163964689887,,567,0.567,0.0023887157440185547,0.0,1.0,1800,2.1439523396007845
F,13,1000,95.00323346578551,0.09500323346578551,0.09500323346578551,,0,0.0,0.0026090145111083984,0.923,0.077,1800,18.718232778059054
S2-linear,13,1000,56.573534111244314,0.056573534111244314,0.056573534111244314,,0,0.0,0.0026459693908691406,0.879,0.121,1800,22.00231287717951
S2-lasso,13,1000,69.62124453453502,0.06962124453453503,0.06962124453453503,,0,0.0,0.002633810043334961,0.89,0.11,1800,22.15733975604808
S2-knn,13,1000,83.27765667963243,0.08327765667963243,0.08327765667963243,,0,0.0,0.0026140213012695312,0.925,0.075,1800,21.953598125616924
random,14,1000,181114.9765548236,181.1149765548236,169.27766107203314,,32,0.032,0.004075765609741211,0.503,0.497,1800,12.197121356427091
treat_all,14,1000,701185.0366679451,701.185036667945,582.108690561215,,535,0.535,0.0024399757385253906,0.0,1.0,1800,2.1439523396007845
F,14,1000,3.076621516852733,0.003076621516852733,0.003076621516852733,,0,0.0,0.0026879310607910156,0.9,0.1,1800,18.718232778059054
S2-linear,14,1000,0.8897854654322315,0.0008897854654322314,0.0008897854654322314,,0,0.0,0.0026776790618896484,0.874,0.126,1800,22.00231287717951
S2-lasso,14,1000,5.890832667863109,0.005890832667863109,0.005890832667863109,,0,0.0,0.0026481151580810547,0.891,0.109,1800,22.15733975604808
S2-knn,14,1000,70.69765666102933,0.07069765666102933,0.07069765666102933,,0,0.0,0.0026874542236328125,0.924,0.076,1800,21.953598125616924
random,15,1000,133436.6992383413,133.4366992383413,131.2387821828777,,6,0.006,0.003985881805419922,0.523,0.477,1800,12.197121356427091
treat_all,15,1000,640730.5898122464,640.7305898122464,520.252610725721,,529,0.529,0.0025484561920166016,0.0,1.0,1800,2.1439523396007845
F,15,1000,0.998631096557693,0.000998631096557693,0.000998631096557693,,0,0.0,0.002636432647705078,0.926,0.074,1800,18.718232778059054
S2-linear,15,1000,3.22815625200882,0.00322815625200882,0.00322815625200882,,0,0.0,0.0026268959045410156,0.863,0.137,1800,22.00231287717951
S2-lasso,15,1000,3.22815625200882,0.00322815625200882,0.00322815625200882,,0,0.0,0.0026624202728271484,0.886,0.114,1800,22.15733975604808
S2-knn,15,1000,2.09825577719637,0.00209825577719637,0.00209825577719637,,0,0.0,0.0026242733001708984,0.911,0.089,1800,21.953598125616924
random,16,1000,115539.4442652433,115.5394442652433,111.44243524771342,,10,0.01,0.004067182540893555,0.497,0.503,1800,12.197121356427091
treat_all,16,1000,627305.3332147074,627.3053332147074,486.5550606990829,,507,0.507,0.0024940967559814453,0.0,1.0,1800,2.1439523396007845
F,16,1000,0.0,0.0,0.0,,0,0.0,0.002695798873901367,0.925,0.075,1800,18.718232778059054
S2-linear,16,1000,0.5475862649767862,0.0005475862649767861,0.0005475862649767861,,0,0.0,0.002722501754760742,0.878,0.122,1800,22.00231287717951
S2-lasso,16,1000,0.5475862649767862,0.0005475862649767861,0.0005475862649767861,,0,0.0,0.0026946067810058594,0.885,0.115,1800,22.15733975604808
S2-knn,16,1000,5.865270619086175,0.005865270619086175,0.005865270619086175,,0,0.0,0.0026786327362060547,0.908,0.092,1800,21.953598125616924
random,17,1000,138634.67953500705,138.63467953500705,128.82095030397923,,23,0.023,0.004045009613037109,0.498,0.502,1800,12.197121356427091
treat_all,17,1000,654641.6609505829,654.641660950583,513.0342970106116,,521,0.521,0.0025205612182617188,0.0,1.0,1800,2.1439523396007845
F,17,1000,0.0,0.0,0.0,,0,0.0,0.002707242965698242,0.914,0.086,1800,18.718232778059054
S2-linear,17,1000,0.0,0.0,0.0,,0,0.0,0.002661466598510742,0.875,0.125,1800,22.00231287717951
S2-lasso,17,1000,0.0,0.0,0.0,,0,0.0,0.002724885940551758,0.88,0.12,1800,22.15733975604808
S2-knn,17,1000,0.0,0.0,0.0,,0,0.0,0.002656698226928711,0.907,0.093,1800,21.953598125616924
random,18,1000,150575.6709708243,150.57567097082432,139.69106715996216,,29,0.029,0.003886699676513672,0.517,0.483,1800,12.197121356427091
treat_all,18,1000,643255.0449234799,643.2550449234799,523.5190602198134,,546,0.546,0.002434968948364258,0.0,1.0,1800,2.1439523396007845
F,18,1000,274.5492050458086,0.2745492050458086,0.2745492050458086,,0,0.0,0.0025513172149658203,0.916,0.084,1800,18.718232778059054
S2-linear,18,1000,327.1365872983775,0.32713658729837747,0.32713658729837747,,0,0.0,0.002530336380004883,0.871,0.129,1800,22.00231287717951
S2-lasso,18,1000,213.20125540761427,0.21320125540761428,0.21320125540761428,,0,0.0,0.002557039260864258,0.877,0.123,1800,22.15733975604808
S2-knn,18,1000,713.1467011899366,0.7131467011899366,0.7131467011899366,,0,0.0,0.0025587081909179688,0.912,0.088,1800,21.953598125616924
random,19,1000,164217.35364486478,164.21735364486477,142.10900801998264,,55,0.055,0.003999471664428711,0.512,0.488,1800,12.197121356427091
treat_all,19,1000,662190.1515407747,662.1901515407748,526.5919794500222,,567,0.567,0.0023844242095947266,0.0,1.0,1800,2.1439523396007845
F,19,1000,6801.547111364664,6.8015471113646635,6.8015471113646635,,0,0.0,0.0025398731231689453,0.931,0.069,1800,18.718232778059054
S2-linear,19,1000,3852.053289496051,3.8520532894960513,3.8520532894960513,,0,0.0,0.0025446414947509766,0.873,0.127,1800,22.00231287717951
S2-lasso,19,1000,4896.506845618585,4.896506845618585,4.896506845618585,,0,0.0,0.0025451183319091797,0.876,0.124,1800,22.15733975604808
S2-knn,19,1000,5880.497784084388,5.880497784084388,5.880497784084388,,0,0.0,0.0025305747985839844,0.916,0.084,1800,21.953598125616924
random,20,1000,157554.31133060527,157.55431133060526,144.6249275588808,,33,0.033,0.0039484500885009766,0.513,0.487,1800,12.197121356427091
treat_all,20,1000,675069.3321700825,675.0693321700825,538.9650010860904,,546,0.546,0.002362489700317383,0.0,1.0,1800,2.1439523396007845
F,20,1000,5488.180423718881,5.488180423718881,5.488180423718881,,0,0.0,0.002523660659790039,0.921,0.079,1800,18.718232778059054
S2-linear,20,1000,1417.3816179634732,1.4173816179634733,1.4173816179634733,,0,0.0,0.0025823116302490234,0.884,0.116,1800,22.00231287717951
S2-lasso,20,1000,1375.0167156579028,1.3750167156579027,1.3750167156579027,,0,0.0,0.002577066421508789,0.887,0.113,1800,22.15733975604808
S2-knn,20,1000,6511.7002791189625,6.511700279118963,6.511700279118963,,0,0.0,0.002468585968017578,0.918,0.082,1800,21.953598125616924
random,21,1000,168864.3400959032,168.8643400959032,134.63726178815966,,79,0.079,0.004082679748535156,0.511,0.489,1800,12.197121356427091
treat_all,21,1000,674803.942607118,674.8039426071181,516.5075588218635,,590,0.59,0.0024216175079345703,0.0,1.0,1800,2.1439523396007845
F,21,1000,5864.003312730908,5.864003312730908,5.864003312730908,,0,0.0,0.002578258514404297,0.916,0.084,1800,18.718232778059054
S2-linear,21,1000,2846.755780730661,2.8467557807306614,2.8467557807306614,,0,0.0,0.002603769302368164,0.886,0.114,1800,22.00231287717951
S2-lasso,21,1000,3657.246199812504,3.657246199812504,3.657246199812504,,0,0.0,0.002564668655395508,0.903,0.097,1800,22.15733975604808
S2-knn,21,1000,7898.713212872392,7.8987132128723925,7.8987132128723925,,0,0.0,0.0025484561920166016,0.929,0.071,1800,21.953598125616924
random,22,1000,152529.9709040734,152.5299709040734,144.70035157410766,,20,0.02,0.004067659378051758,0.499,0.501,1800,12.197121356427091
treat_all,22,1000,659762.420008847,659.762420008847,535.1374698444602,,519,0.519,0.002444744110107422,0.0,1.0,1800,2.1439523396007845
F,22,1000,177.63660698533775,0.17763660698533776,0.17763660698533776,,0,0.0,0.0026900768280029297,0.904,0.096,1800,18.718232778059054
S2-linear,22,1000,84.01644823930616,0.08401644823930615,0.08401644823930615,,0,0.0,0.002660036087036133,0.863,0.137,1800,22.00231287717951
S2-lasso,22,1000,77.39995821036929,0.0773999582103693,0.0773999582103693,,0,0.0,0.0026688575744628906,0.88,0.12,1800,22.15733975604808
S2-knn,22,1000,84.48885841473302,0.08448885841473301,0.08448885841473301,,0,0.0,0.002674579620361328,0.911,0.089,1800,21.953598125616924
random,23,1000,190806.98285930505,190.80698285930504,162.0189928687938,,73,0.073,0.004113435745239258,0.49,0.51,1800,12.197121356427091
treat_all,23,1000,656915.0836398492,656.9150836398492,533.3156163605244,,563,0.563,0.0023610591888427734,0.0,1.0,1800,2.1439523396007845
F,23,1000,96.52488282133247,0.09652488282133247,0.09652488282133247,,0,0.0,0.0026040077209472656,0.921,0.079,1800,18.718232778059054
S2-linear,23,1000,0.0,0.0,0.0,,0,0.0,0.002610921859741211,0.863,0.137,1800,22.00231287717951
S2-lasso,23,1000,24.16231981074555,0.024162319810745552,0.024162319810745552,,0,0.0,0.0025968551635742188,0.87,0.13,1800,22.15733975604808
S2-knn,23,1000,78.80374666281182,0.07880374666281181,0.07880374666281181,,0,0.0,0.002590656280517578,0.91,0.09,1800,21.953598125616924
random,24,1000,130814.27291457176,130.81427291457177,115.07105855025452,,38,0.038,0.004046916961669922,0.517,0.483,1800,12.197121356427091
treat_all,24,1000,636525.8550032843,636.5258550032843,477.13891088568363,,555,0.555,0.002423524856567383,0.0,1.0,1800,2.1439523396007845
F,24,1000,12.57285291511802,0.01257285291511802,0.01257285291511802,,0,0.0,0.0026803016662597656,0.907,0.093,1800,18.718232778059054
S2-linear,24,1000,5.583080851372892,0.005583080851372892,0.005583080851372892,,0,0.0,0.0026602745056152344,0.895,0.105,1800,22.00231287717951
S2-lasso,24,1000,5.583080851372892,0.005583080851372892,0.005583080851372892,,0,0.0,0.0026645660400390625,0.901,0.099,1800,22.15733975604808
S2-knn,24,1000,5.583080851372892,0.005583080851372892,0.005583080851372892,,0,0.0,0.0026445388793945312,0.923,0.077,1800,21.953598125616924
random,25,1000,152507.65953852548,152.50765953852547,137.37855701522835,,37,0.037,0.0041272640228271484,0.502,0.498,1800,12.197121356427091
treat_all,25,1000,661410.8790656582,661.4108790656582,531.2715320990304,,539,0.539,0.002456188201904297,0.0,1.0,1800,2.1439523396007845
F,25,1000,32.90225745096866,0.03290225745096866,0.03290225745096866,,0,0.0,0.0027217864990234375,0.926,0.074,1800,18.718232778059054
S2-linear,25,1000,16.131627566196613,0.016131627566196613,0.016131627566196613,,0,0.0,0.0026884078979492188,0.854,0.146,1800,22.00231287717951
S2-lasso,25,1000,16.131627566196613,0.016131627566196613,0.016131627566196613,,0,0.0,0.0026922225952148438,0.862,0.138,1800,22.15733975604808
S2-knn,25,1000,16.131627566196613,0.016131627566196613,0.016131627566196613,,0,0.0,0.0026671886444091797,0.905,0.095,1800,21.953598125616924
random,26,1000,165523.67181149215,165.52367181149216,140.6609732378957,,61,0.061,0.0040740966796875,0.502,0.498,1800,12.197121356427091
treat_all,26,1000,674949.4290790542,674.9494290790542,531.3433560344413,,563,0.563,0.0024499893188476562,0.0,1.0,1800,2.1439523396007845
F,26,1000,23.066155667048072,0.02306615566704807,0.02306615566704807,,0,0.0,0.002720355987548828,0.923,0.077,1800,18.718232778059054
S2-linear,26,1000,32.950666039281764,0.03295066603928176,0.03295066603928176,,0,0.0,0.0026693344116210938,0.862,0.138,1800,22.00231287717951
S2-lasso,26,1000,33.40108828035919,0.03340108828035919,0.03340108828035919,,0,0.0,0.002659320831298828,0.873,0.127,1800,22.15733975604808
S2-knn,26,1000,41.98268015944204,0.04198268015944204,0.04198268015944204,,0,0.0,0.0026514530181884766,0.903,0.097,1800,21.953598125616924
random,27,1000,160033.67777798805,160.03367777798806,143.94971141288735,,43,0.043,0.003995656967163086,0.508,0.492,1800,12.197121356427091
treat_all,27,1000,638131.8086145602,638.1318086145602,525.6103169843637,,551,0.551,0.0023033618927001953,0.0,1.0,1800,2.1439523396007845
F,27,1000,2.2232488332639946,0.0022232488332639944,0.0022232488332639944,,0,0.0,0.002561807632446289,0.906,0.094,1800,18.718232778059054
S2-linear,27,1000,5.174659506328693,0.005174659506328693,0.005174659506328693,,0,0.0,0.0025780200958251953,0.877,0.123,1800,22.00231287717951
S2-lasso,27,1000,5.174659506328693,0.005174659506328693,0.005174659506328693,,0,0.0,0.002547025680541992,0.882,0.118,1800,22.15733975604808
S2-knn,27,1000,40.68305163822767,0.04068305163822767,0.04068305163822767,,0,0.0,0.002538919448852539,0.91,0.09,1800,21.953598125616924
random,28,1000,132999.00963457677,132.99900963457677,118.18605193848802,,35,0.035,0.0039975643157958984,0.505,0.495,1800,12.197121356427091
treat_all,28,1000,625491.955515659,625.4919555156589,492.17443693359183,,540,0.54,0.0023736953735351562,0.0,1.0,1800,2.1439523396007845
F,28,1000,110.4974034369573,0.1104974034369573,0.1104974034369573,,0,0.0,0.0026319026947021484,0.919,0.081,1800,18.718232778059054
S2-linear,28,1000,1.7451487682383016,0.0017451487682383015,0.0017451487682383015,,0,0.0,0.0026323795318603516,0.872,0.128,1800,22.00231287717951
S2-lasso,28,1000,3.404362856564809,0.0034043628565648093,0.0034043628565648093,,0,0.0,0.0026204586029052734,0.886,0.114,1800,22.15733975604808
S2-knn,28,1000,22.832217885968127,0.022832217885968127,0.022832217885968127,,0,0.0,0.002620220184326172,0.911,0.089,1800,21.953598125616924
random,29,1000,149924.5959144163,149.9245959144163,137.1728245329919,,32,0.032,0.004055023193359375,0.502,0.498,1800,12.197121356427091
treat_all,29,1000,657012.8947596569,657.0128947596569,522.9335388446306,,534,0.534,0.002411365509033203,0.0,1.0,1800,2.1439523396007845
F,29,1000,11.814125088381104,0.011814125088381104,0.011814125088381104,,0,0.0,0.0026273727416992188,0.923,0.077,1800,18.718232778059054
S2-linear,29,1000,2.770642140277503,0.002770642140277503,0.002770642140277503,,0,0.0,0.0026597976684570312,0.872,0.128,1800,22.00231287717951
S2-lasso,29,1000,8.334831473292184,0.008334831473292184,0.008334831473292184,,0,0.0,0.0026471614837646484,0.881,0.119,1800,22.15733975604808
S2-knn,29,1000,34.37931596944476,0.03437931596944476,0.03437931596944476,,0,0.0,0.0026137828826904297,0.909,0.091,1800,21.953598125616924
random,30,1000,205106.003648475,205.106003648475,166.68272096163813,,92,0.092,0.004044771194458008,0.463,0.537,1800,12.197121356427091
treat_all,30,1000,676222.5346690957,676.2225346690957,535.8888521099898,,555,0.555,0.0024008750915527344,0.0,1.0,1800,2.1439523396007845
F,30,1000,0.0,0.0,0.0,,0,0.0,0.002663135528564453,0.935,0.065,1800,18.718232778059054
S2-linear,30,1000,0.0,0.0,0.0,,0,0.0,0.0026314258575439453,0.898,0.102,1800,22.00231287717951
S2-lasso,30,1000,0.0,0.0,0.0,,0,0.0,0.002668142318725586,0.916,0.084,1800,22.15733975604808
S2-knn,30,1000,0.0,0.0,0.0,,0,0.0,0.002634286880493164,0.933,0.067,1800,21.953598125616924
random,31,1000,144789.57783850894,144.78957783850893,144.78957783850893,,0,0.0,0.004029035568237305,0.508,0.492,1800,12.197121356427091
treat_all,31,1000,683371.048151608,683.371048151608,564.7310287444255,,505,0.505,0.0024175643920898438,0.0,1.0,1800,2.1439523396007845
F,31,1000,12.766742595616662,0.012766742595616663,0.012766742595616663,,0,0.0,0.002659320831298828,0.925,0.075,1800,18.718232778059054
S2-linear,31,1000,15.346406642636474,0.015346406642636473,0.015346406642636473,,0,0.0,0.0026917457580566406,0.874,0.126,1800,22.00231287717951
S2-lasso,31,1000,28.55467364218132,0.02855467364218132,0.02855467364218132,,0,0.0,0.0026831626892089844,0.889,0.111,1800,22.15733975604808
S2-knn,31,1000,40.031073626185865,0.04003107362618587,0.04003107362618587,,0,0.0,0.0026531219482421875,0.909,0.091,1800,21.953598125616924
random,32,1000,163960.86713916843,163.96086713916844,138.7609570251231,,61,0.061,0.003873586654663086,0.525,0.475,1800,12.197121356427091
treat_all,32,1000,671840.1372173037,671.8401372173038,541.3224202523792,,586,0.586,0.002272367477416992,0.0,1.0,1800,2.1439523396007845
F,32,1000,133.7715964148373,0.1337715964148373,0.1337715964148373,,0,0.0,0.0025110244750976562,0.917,0.083,1800,18.718232778059054
S2-linear,32,1000,89.10234505511946,0.08910234505511946,0.08910234505511946,,0,0.0,0.0025396347045898438,0.876,0.124,1800,22.00231287717951
S2-lasso,32,1000,90.4032076858661,0.0904032076858661,0.0904032076858661,,0,0.0,0.002513408660888672,0.885,0.115,1800,22.15733975604808
S2-knn,32,1000,119.74410700736267,0.11974410700736267,0.11974410700736267,,0,0.0,0.0025119781494140625,0.932,0.068,1800,21.953598125616924
random,33,1000,177209.83833803388,177.20983833803388,154.0849079333392,,57,0.057,0.0038514137268066406,0.479,0.521,1800,12.197121356427091
treat_all,33,1000,660033.4919731212,660.0334919731212,544.7854515022849,,536,0.536,0.0022673606872558594,0.0,1.0,1800,2.1439523396007845
F,33,1000,4213.858440891169,4.213858440891169,4.213858440891169,,0,0.0,0.002521514892578125,0.918,0.082,1800,18.718232778059054
S2-linear,33,1000,2823.547535231267,2.823547535231267,2.823547535231267,,0,0.0,0.0025577545166015625,0.873,0.127,1800,22.00231287717951
S2-lasso,33,1000,3193.2787497344225,3.1932787497344224,3.1932787497344224,,0,0.0,0.0025513172149658203,0.886,0.114,1800,22.15733975604808
S2-knn,33,1000,3597.433834950486,3.597433834950486,3.597433834950486,,0,0.0,0.0025196075439453125,0.917,0.083,1800,21.953598125616924
random,34,1000,186175.2115291489,186.1752115291489,155.0586606014131,,71,0.071,0.003916501998901367,0.49,0.51,1800,12.197121356427091
treat_all,34,1000,683470.8015417451,683.4708015417451,536.9898898497795,,561,0.561,0.002327442169189453,0.0,1.0,1800,2.1439523396007845
F,34,1000,103.24381717280559,0.10324381717280559,0.10324381717280559,,0,0.0,0.0025873184204101562,0.916,0.084,1800,18.718232778059054
S2-linear,34,1000,30.569250437117095,0.030569250437117095,0.030569250437117095,,0,0.0,0.0035572052001953125,0.879,0.121,1800,22.00231287717951
S2-lasso,34,1000,31.937652599187533,0.03193765259918753,0.03193765259918753,,0,0.0,0.002640962600708008,0.883,0.117,1800,22.15733975604808
S2-knn,34,1000,161.87008775587225,0.16187008775587225,0.16187008775587225,,0,0.0,0.0026068687438964844,0.917,0.083,1800,21.953598125616924
random,35,1000,211679.68121844664,211.67968121844663,177.4870201576735,,84,0.084,0.003953695297241211,0.501,0.499,1800,12.197121356427091
treat_all,35,1000,719390.2213438429,719.3902213438429,583.7650020199632,,585,0.585,0.002338886260986328,0.0,1.0,1800,2.1439523396007845
F,35,1000,233.50468857355787,0.23350468857355788,0.23350468857355788,,0,0.0,0.002551555633544922,0.917,0.083,1800,18.718232778059054
S2-linear,35,1000,34.187664802377526,0.034187664802377525,0.034187664802377525,,0,0.0,0.0025997161865234375,0.885,0.115,1800,22.00231287717951
S2-lasso,35,1000,115.28063890576243,0.11528063890576243,0.11528063890576243,,0,0.0,0.002552509307861328,0.9,0.1,1800,22.15733975604808
S2-knn,35,1000,470.6414183682288,0.4706414183682288,0.4706414183682288,,0,0.0,0.0025615692138671875,0.932,0.068,1800,21.953598125616924
random,36,1000,176340.99530203678,176.3409953020368,141.9674269745727,,81,0.081,0.003866434097290039,0.495,0.505,1800,12.197121356427091
treat_all,36,1000,655422.1320642201,655.4221320642201,512.1189410468659,,576,0.576,0.002237081527709961,0.0,1.0,1800,2.1439523396007845
F,36,1000,108.33945525871236,0.10833945525871236,0.10833945525871236,,0,0.0,0.0025441646575927734,0.918,0.082,1800,18.718232778059054
S2-linear,36,1000,68.93805095762659,0.06893805095762659,0.06893805095762659,,0,0.0,0.0025098323822021484,0.887,0.113,1800,22.00231287717951
S2-lasso,36,1000,104.63203258931551,0.10463203258931551,0.10463203258931551,,0,0.0,0.0025815963745117188,0.901,0.099,1800,22.15733975604808
S2-knn,36,1000,195.35177327793807,0.19535177327793807,0.19535177327793807,,0,0.0,0.002530813217163086,0.928,0.072,1800,21.953598125616924
random,37,1000,168398.20212192723,168.39820212192723,149.01149979661682,,47,0.047,0.0039310455322265625,0.494,0.506,1800,12.197121356427091
treat_all,37,1000,659595.0593926059,659.5950593926059,512.1166953818778,,541,0.541,0.0023713111877441406,0.0,1.0,1800,2.1439523396007845
F,37,1000,2.9190493966650197,0.00291904939666502,0.00291904939666502,,0,0.0,0.0026481151580810547,0.919,0.081,1800,18.718232778059054
S2-linear,37,1000,0.2500318716547387,0.00025003187165473874,0.00025003187165473874,,0,0.0,0.0026350021362304688,0.868,0.132,1800,22.00231287717951
S2-lasso,37,1000,0.2500318716547387,0.00025003187165473874,0.00025003187165473874,,0,0.0,0.002617359161376953,0.879,0.121,1800,22.15733975604808
S2-knn,37,1000,0.2500318716547387,0.00025003187165473874,0.00025003187165473874,,0,0.0,0.002586841583251953,0.914,0.086,1800,21.953598125616924
random,38,1000,179475.65454742947,179.47565454742946,164.52968774428774,,39,0.039,0.0038785934448242188,0.492,0.508,1800,12.197121356427091
treat_all,38,1000,687507.1655648237,687.5071655648237,570.1662760358926,,531,0.531,0.002303600311279297,0.0,1.0,1800,2.1439523396007845
F,38,1000,0.09148215884488861,9.148215884488861e-05,9.148215884488861e-05,,0,0.0,0.0025599002838134766,0.913,0.087,1800,18.718232778059054
S2-linear,38,1000,21.67918730044832,0.021679187300448318,0.021679187300448318,,0,0.0,0.0025758743286132812,0.875,0.125,1800,22.00231287717951
S2-lasso,38,1000,21.67918730044832,0.021679187300448318,0.021679187300448318,,0,0.0,0.0025870800018310547,0.896,0.104,1800,22.15733975604808
S2-knn,38,1000,6.628857361695074,0.006628857361695074,0.006628857361695074,,0,0.0,0.0026035308837890625,0.924,0.076,1800,21.953598125616924
random,39,1000,169229.7749945002,169.22977499450022,137.96253959722213,,72,0.072,0.0038099288940429688,0.501,0.499,1800,12.197121356427091
treat_all,39,1000,661448.6991674976,661.4486991674976,504.38701103410745,,573,0.573,0.002229452133178711,0.0,1.0,1800,2.1439523396007845
F,39,1000,1156.1201732501422,1.1561201732501423,1.1561201732501423,,0,0.0,0.002485990524291992,0.929,0.071,1800,18.718232778059054
S2-linear,39,1000,428.65297283136,0.42865297283136,0.42865297283136,,0,0.0,0.002484560012817383,0.859,0.141,1800,22.00231287717951
S2-lasso,39,1000,320.0330247220725,0.3200330247220725,0.3200330247220725,,0,0.0,0.002494335174560547,0.871,0.129,1800,22.15733975604808
S2-knn,39,1000,1046.535742669847,1.046535742669847,1.046535742669847,,0,0.0,0.002481222152709961,0.907,0.093,1800,21.953598125616924
random,40,1000,170677.64558550096,170.67764558550095,160.23194667280103,,28,0.028,0.0039103031158447266,0.498,0.502,1800,12.197121356427091
treat_all,40,1000,669304.3229335042,669.3043229335043,558.5833316393548,,526,0.526,0.0023698806762695312,0.0,1.0,1800,2.1439523396007845
F,40,1000,1.8233375617865164,0.0018233375617865164,0.0018233375617865164,,0,0.0,0.0026068687438964844,0.918,0.082,1800,18.718232778059054
S2-linear,40,1000,0.5878994102911586,0.0005878994102911586,0.0005878994102911586,,0,0.0,0.002610921859741211,0.877,0.123,1800,22.00231287717951
S2-lasso,40,1000,0.5878994102911586,0.0005878994102911586,0.0005878994102911586,,0,0.0,0.0025844573974609375,0.891,0.109,1800,22.15733975604808
S2-knn,40,1000,0.5878994102911586,0.0005878994102911586,0.0005878994102911586,,0,0.0,0.002571582794189453,0.922,0.078,1800,21.953598125616924
random,41,1000,164284.74678042252,164.28474678042252,137.2562618006616,,66,0.066,0.003824472427368164,0.494,0.506,1800,12.197121356427091
treat_all,41,1000,658432.1145159635,658.4321145159635,496.3679275328534,,560,0.56,0.0022439956665039062,0.0,1.0,1800,2.1439523396007845
F,41,1000,5715.258709091526,5.7152587090915254,5.7152587090915254,,0,0.0,0.0024089813232421875,0.931,0.069,1800,18.718232778059054
S2-linear,41,1000,886.5550803665568,0.8865550803665568,0.8865550803665568,,0,0.0,0.0025053024291992188,0.87,0.13,1800,22.00231287717951
S2-lasso,41,1000,1089.726366986084,1.089726366986084,1.089726366986084,,0,0.0,0.0025119781494140625,0.88,0.12,1800,22.15733975604808
S2-knn,41,1000,4582.350437535778,4.582350437535778,4.582350437535778,,0,0.0,0.0024566650390625,0.907,0.093,1800,21.953598125616924
random,42,1000,161158.82184745598,161.15882184745598,131.89530802108985,,73,0.073,0.003876924514770508,0.495,0.505,1800,12.197121356427091
treat_all,42,1000,628121.7603054844,628.1217603054844,482.0420488562502,,568,0.568,0.0022728443145751953,0.0,1.0,1800,2.1439523396007845
F,42,1000,0.17058014194916704,0.00017058014194916703,0.00017058014194916703,,0,0.0,0.002562999725341797,0.924,0.076,1800,18.718232778059054
S2-linear,42,1000,0.17058014194916704,0.00017058014194916703,0.00017058014194916703,,0,0.0,0.0025463104248046875,0.879,0.121,1800,22.00231287717951
S2-lasso,42,1000,0.17058014194916704,0.00017058014194916703,0.00017058014194916703,,0,0.0,0.0025408267974853516,0.881,0.119,1800,22.15733975604808
S2-knn,42,1000,0.17058014194916704,0.00017058014194916703,0.00017058014194916703,,0,0.0,0.0025031566619873047,0.922,0.078,1800,21.953598125616924
random,43,1000,144682.2079499404,144.68220794994042,137.04685778962246,,20,0.02,0.0039038658142089844,0.516,0.484,1800,12.197121356427091
treat_all,43,1000,650089.4528559139,650.0894528559139,521.7881337747978,,536,0.536,0.002373933792114258,0.0,1.0,1800,2.1439523396007845
F,43,1000,177.87942049267605,0.17787942049267605,0.17787942049267605,,0,0.0,0.002668619155883789,0.902,0.098,1800,18.718232778059054
S2-linear,43,1000,21.56437792651164,0.02156437792651164,0.02156437792651164,,0,0.0,0.0026161670684814453,0.859,0.141,1800,22.00231287717951
S2-lasso,43,1000,36.97567425398785,0.036975674253987845,0.036975674253987845,,0,0.0,0.002619028091430664,0.875,0.125,1800,22.15733975604808
S2-knn,43,1000,374.6617918982957,0.3746617918982957,0.3746617918982957,,0,0.0,0.002605438232421875,0.91,0.09,1800,21.953598125616924
random,44,1000,188096.82582010998,188.09682582010998,149.0128157399098,,93,0.093,0.0039556026458740234,0.478,0.522,1800,12.197121356427091
treat_all,44,1000,656346.2267446707,656.3462267446706,515.3877498975257,,571,0.571,0.0023086071014404297,0.0,1.0,1800,2.1439523396007845
F,44,1000,265.4321950168363,0.2654321950168363,0.2654321950168363,,0,0.0,0.0025832653045654297,0.93,0.07,1800,18.718232778059054
S2-linear,44,1000,312.9533531897801,0.3129533531897801,0.3129533531897801,,0,0.0,0.0025665760040283203,0.9,0.1,1800,22.00231287717951
S2-lasso,44,1000,230.4808394055338,0.2304808394055338,0.2304808394055338,,0,0.0,0.002571582794189453,0.899,0.101,1800,22.15733975604808
S2-knn,44,1000,312.9533531897801,0.3129533531897801,0.3129533531897801,,0,0.0,0.0025594234466552734,0.933,0.067,1800,21.953598125616924
random,45,1000,193359.8171383955,193.3598171383955,169.18757389781678,,62,0.062,0.003859281539916992,0.506,0.494,1800,12.197121356427091
treat_all,45,1000,681030.1570345048,681.0301570345048,567.0929941723238,,568,0.568,0.0022802352905273438,0.0,1.0,1800,2.1439523396007845
F,45,1000,2465.169138788997,2.4651691387889967,2.4651691387889967,,0,0.0,0.002493143081665039,0.921,0.079,1800,18.718232778059054
S2-linear,45,1000,545.8684040247032,0.5458684040247032,0.5458684040247032,,0,0.0,0.0025420188903808594,0.885,0.115,1800,22.00231287717951
S2-lasso,45,1000,632.4367979168837,0.6324367979168838,0.6324367979168838,,0,0.0,0.0025048255920410156,0.893,0.107,1800,22.15733975604808
S2-knn,45,1000,1759.0220876712253,1.7590220876712253,1.7590220876712253,,0,0.0,0.0024781227111816406,0.914,0.086,1800,21.953598125616924
random,46,1000,181582.24055092278,181.5822405509228,158.84949775210072,,58,0.058,0.003877878189086914,0.491,0.509,1800,12.197121356427091
treat_all,46,1000,671279.593148928,671.279593148928,538.8508812383515,,549,0.549,0.002282857894897461,0.0,1.0,1800,2.1439523396007845
F,46,1000,4632.480384185557,4.632480384185557,4.632480384185557,,0,0.0,0.0024623870849609375,0.911,0.089,1800,18.718232778059054
S2-linear,46,1000,1550.4794563453859,1.5504794563453859,1.5504794563453859,,0,0.0,0.002482175827026367,0.883,0.117,1800,22.00231287717951
S2-lasso,46,1000,2543.4923449652906,2.5434923449652906,2.5434923449652906,,0,0.0,0.002493619918823242,0.885,0.115,1800,22.15733975604808
S2-knn,46,1000,9102.532069860821,9.102532069860821,9.102532069860821,,0,0.0,0.0024793148040771484,0.923,0.077,1800,21.953598125616924
random,47,1000,163453.08406440835,163.45308406440836,150.85479024631348,,32,0.032,0.0039408206939697266,0.519,0.481,1800,12.197121356427091
treat_all,47,1000,696548.2999153405,696.5482999153405,571.8013698056878,,551,0.551,0.0023691654205322266,0.0,1.0,1800,2.1439523396007845
F,47,1000,0.0,0.0,0.0,,0,0.0,0.0026400089263916016,0.907,0.093,1800,18.718232778059054
S2-linear,47,1000,17.693662511706577,0.01769366251170658,0.01769366251170658,,0,0.0,0.0026552677154541016,0.898,0.102,1800,22.00231287717951
S2-lasso,47,1000,17.693662511706577,0.01769366251170658,0.01769366251170658,,0,0.0,0.0026352405548095703,0.9,0.1,1800,22.15733975604808
S2-knn,47,1000,1.820549810374196,0.001820549810374196,0.001820549810374196,,0,0.0,0.0026319026947021484,0.921,0.079,1800,21.953598125616924
random,48,1000,201298.02220502414,201.29802220502415,157.93213937600706,,106,0.106,0.0038404464721679688,0.482,0.518,1800,12.197121356427091
treat_all,48,1000,661248.4627664424,661.2484627664425,524.0444774110958,,588,0.588,0.002257108688354492,0.0,1.0,1800,2.1439523396007845
F,48,1000,0.0,0.0,0.0,,0,0.0,0.002523660659790039,0.916,0.084,1800,18.718232778059054
S2-linear,48,1000,0.0,0.0,0.0,,0,0.0,0.002528667449951172,0.877,0.123,1800,22.00231287717951
S2-lasso,48,1000,0.0,0.0,0.0,,0,0.0,0.0025539398193359375,0.885,0.115,1800,22.15733975604808
S2-knn,48,1000,0.0,0.0,0.0,,0,0.0,0.0025377273559570312,0.91,0.09,1800,21.953598125616924
random,49,1000,207039.54740131754,207.03954740131755,174.2120551040729,,74,0.074,0.0039310455322265625,0.461,0.539,1800,12.197121356427091
treat_all,49,1000,693161.6909966832,693.1616909966832,542.4560917697717,,535,0.535,0.002361297607421875,0.0,1.0,1800,2.1439523396007845
F,49,1000,5.5979646505115,0.0055979646505115,0.0055979646505115,,0,0.0,0.002652883529663086,0.922,0.078,1800,18.718232778059054
S2-linear,49,1000,5.5979646505115,0.0055979646505115,0.0055979646505115,,0,0.0,0.0026352405548095703,0.89,0.11,1800,22.00231287717951
S2-lasso,49,1000,5.5979646505115,0.0055979646505115,0.0055979646505115,,0,0.0,0.0026345252990722656,0.895,0.105,1800,22.15733975604808
S2-knn,49,1000,5.989186938009652,0.005989186938009652,0.005989186938009652,,0,0.0,0.0026340484619140625,0.925,0.075,1800,21.953598125616924
